QDRIFT Implementation,Num Ancilla,Time,Eigenvalue Error_mean,Eigenvalue Error_std,Eigenvalue Error_median,Eigenvalue Error_q25,Eigenvalue Error_q75,Eigenvalue Error_min,Eigenvalue Error_max
exponential invocations of qdrift channel,8,0.001,2.561249694973137,,2.561249694973137,2.561249694973137,2.561249694973137,2.561249694973137,2.561249694973137
exponential invocations of qdrift channel,8,0.001112921792246,2.561249694973137,,2.561249694973137,2.561249694973137,2.561249694973137,2.561249694973137,2.561249694973137
exponential invocations of qdrift channel,8,0.001238594915656,2.561249694973137,,2.561249694973137,2.561249694973137,2.561249694973137,2.561249694973137,2.561249694973137
exponential invocations of qdrift channel,8,0.0013784592733987,2.561249694973137,,2.561249694973137,2.561249694973137,2.561249694973137,2.561249694973137,2.561249694973137
exponential invocations of qdrift channel,8,0.001534117365089,2.561249694973137,,2.561249694973137,2.561249694973137,2.561249694973137,2.561249694973137,2.561249694973137
exponential invocations of qdrift channel,8,0.0017073526474706,2.561249694973137,,2.561249694973137,2.561249694973137,2.561249694973137,2.561249694973137,2.561249694973137
exponential invocations of qdrift channel,8,0.001900149968419,2.561249694973137,,2.561249694973137,2.561249694973137,2.561249694973137,2.561249694973137,2.561249694973137
exponential invocations of qdrift channel,8,0.0021147183083891,2.561249694973137,,2.561249694973137,2.561249694973137,2.561249694973137,2.561249694973137,2.561249694973137
exponential invocations of qdrift channel,8,0.0023535160898679,2.561249694973137,,2.561249694973137,2.561249694973137,2.561249694973137,2.561249694973137,2.561249694973137
exponential invocations of qdrift channel,8,0.0026192793448156,2.561249694973137,,2.561249694973137,2.561249694973137,2.561249694973137,2.561249694973137,2.561249694973137
exponential invocations of qdrift channel,8,0.0029150530628251,2.561249694973137,,2.561249694973137,2.561249694973137,2.561249694973137,2.561249694973137,2.561249694973137
exponential invocations of qdrift channel,8,0.0032442260791716,2.561249694973137,,2.561249694973137,2.561249694973137,2.561249694973137,2.561249694973137,2.561249694973137
exponential invocations of qdrift channel,8,0.0036105699024829,2.561249694973137,,2.561249694973137,2.561249694973137,2.561249694973137,2.561249694973137,2.561249694973137
exponential invocations of qdrift channel,8,0.0040182819269008,2.561249694973137,,2.561249694973137,2.561249694973137,2.561249694973137,2.561249694973137,2.561249694973137
exponential invocations of qdrift channel,8,0.0044720335238362,2.561249694973137,,2.561249694973137,2.561249694973137,2.561249694973137,2.561249694973137,2.561249694973137
exponential invocations of qdrift channel,8,0.0049770235643321,2.3701500239397673,,2.3701500239397673,2.3701500239397673,2.3701500239397673,2.3701500239397673,2.3701500239397673
exponential invocations of qdrift channel,8,0.0055390379852671,1.8697891734101688,,1.8697891734101688,1.8697891734101688,1.8697891734101688,1.8697891734101688,1.8697891734101688
exponential invocations of qdrift channel,8,0.0061645160818822,1.4201970690810717,,1.4201970690810717,1.4201970690810717,1.4201970690810717,1.4201970690810717,1.4201970690810717
exponential invocations of qdrift channel,8,0.0068606242861777,1.0162224974072065,,1.0162224974072065,1.0162224974072065,1.0162224974072065,1.0162224974072065,1.0162224974072065
exponential invocations of qdrift channel,8,0.0076353382764995,0.6532369089422727,,0.6532369089422727,0.6532369089422727,0.6532369089422727,0.6532369089422727,0.6532369089422727
exponential invocations of qdrift channel,8,0.0084975343590864,0.3270813866100304,,0.3270813866100304,0.3270813866100304,0.3270813866100304,0.3270813866100304,0.3270813866100304
exponential invocations of qdrift channel,8,0.0094570911685865,0.0340189948007916,,0.0340189948007916,0.0340189948007916,0.0340189948007916,0.0340189948007916,0.0340189948007916
exponential invocations of qdrift channel,8,0.0105250028527773,0.2293080366681517,,0.2293080366681517,0.2293080366681517,0.2293080366681517,0.2293080366681517,0.2293080366681517
exponential invocations of qdrift channel,8,0.0117135050383073,0.4659167842940883,,0.4659167842940883,0.4659167842940883,0.4659167842940883,0.4659167842940883,0.4659167842940883
exponential invocations of qdrift channel,8,0.0130362150207157,0.6785181991234548,,0.6785181991234548,0.6785181991234548,0.6785181991234548,0.6785181991234548,0.6785181991234548
exponential invocations of qdrift channel,8,0.0145082877849593,0.8221533598814097,,0.8221533598814097,0.8221533598814097,0.8221533598814097,0.8221533598814097,0.8221533598814097
exponential invocations of qdrift channel,8,0.0161465896440579,0.4788588539181724,,0.4788588539181724,0.4788588539181724,0.4788588539181724,0.4788588539181724,0.4788588539181724
exponential invocations of qdrift channel,8,0.0179698914853259,0.1703964728640401,,0.1703964728640401,0.1703964728640401,0.1703964728640401,0.1703964728640401,0.1703964728640401
exponential invocations of qdrift channel,8,0.0199990838383153,0.1067679992518462,,0.1067679992518462,0.1067679992518462,0.1067679992518462,0.1067679992518462,0.1067679992518462
exponential invocations of qdrift channel,8,0.0222574162286162,0.3558101817726253,,0.3558101817726253,0.3558101817726253,0.3558101817726253,0.3558101817726253,0.3558101817726253
exponential invocations of qdrift channel,8,0.0247707635599171,0.4112496242508037,,0.4112496242508037,0.4112496242508037,0.4112496242508037,0.4112496242508037,0.4112496242508037
exponential invocations of qdrift channel,8,0.0275679225764052,0.10964716402813,,0.10964716402813,0.10964716402813,0.10964716402813,0.10964716402813,0.10964716402813
exponential invocations of qdrift channel,8,0.0306809418022322,0.1613534240850773,,0.1613534240850773,0.1613534240850773,0.1613534240850773,0.1613534240850773,0.1613534240850773
exponential invocations of qdrift channel,8,0.034145488738336,0.3139403829025893,,0.3139403829025893,0.3139403829025893,0.3139403829025893,0.3139403829025893,0.3139403829025893
exponential invocations of qdrift channel,8,0.038001258523785,0.0222113333828946,,0.0222113333828946,0.0222113333828946,0.0222113333828946,0.0222113333828946,0.0222113333828946
exponential invocations of qdrift channel,8,0.0422924287438949,0.2399176423926179,,0.2399176423926179,0.2399176423926179,0.2399176423926179,0.2399176423926179,0.2399176423926179
exponential invocations of qdrift channel,8,0.0470681655960924,0.046000056035627,,0.046000056035627,0.046000056035627,0.046000056035627,0.046000056035627,0.046000056035627
exponential invocations of qdrift channel,8,0.0523831872129354,0.68708403900408,,0.68708403900408,0.68708403900408,0.68708403900408,0.68708403900408,0.68708403900408
exponential invocations of qdrift channel,8,0.0582983905965786,0.3857587298747802,,0.3857587298747802,0.3857587298747802,0.3857587298747802,0.3857587298747802,0.3857587298747802
exponential invocations of qdrift channel,8,0.0648815493478024,0.0867426845277514,,0.0867426845277514,0.0867426845277514,0.0867426845277514,0.0867426845277514,0.0867426845277514
exponential invocations of qdrift channel,8,0.0722080901838546,0.4978705904837834,,0.4978705904837834,0.4978705904837834,0.4978705904837834,0.4978705904837834,0.4978705904837834
exponential invocations of qdrift channel,8,0.0803619571420773,0.1179351238481154,,0.1179351238481154,0.1179351238481154,0.1179351238481154,0.1179351238481154,0.1179351238481154
exponential invocations of qdrift channel,8,0.0894365733709581,0.0914185606861779,,0.0914185606861779,0.0914185606861779,0.0914185606861779,0.0914185606861779,0.0914185606861779
exponential invocations of qdrift channel,8,0.0995359115283489,1.081762006802625,,1.081762006802625,1.081762006802625,1.081762006802625,1.081762006802625,1.081762006802625
exponential invocations of qdrift channel,8,0.1107756850509708,1.6750013239564452,,1.6750013239564452,1.6750013239564452,1.6750013239564452,1.6750013239564452,1.6750013239564452
exponential invocations of qdrift channel,8,0.1232846739442065,0.3713536598012825,,0.3713536598012825,0.3713536598012825,0.3713536598012825,0.3713536598012825,0.3713536598012825
exponential invocations of qdrift channel,8,0.1372062002824518,0.7724316564555798,,0.7724316564555798,0.7724316564555798,0.7724316564555798,0.7724316564555798,0.7724316564555798
exponential invocations of qdrift channel,8,0.152699770325612,0.3110059928793007,,0.3110059928793007,0.3110059928793007,0.3110059928793007,0.3110059928793007,0.3110059928793007
exponential invocations of qdrift channel,8,0.1699429020663349,0.3949021475548324,,0.3949021475548324,0.3949021475548324,0.3949021475548324,0.3949021475548324,0.3949021475548324
exponential invocations of qdrift channel,8,0.1891331591471545,0.0341378845336497,,0.0341378845336497,0.0341378845336497,0.0341378845336497,0.0341378845336497,0.0341378845336497
exponential invocations of qdrift channel,8,0.2104904144512019,2.102847274983702,,2.102847274983702,2.102847274983702,2.102847274983702,2.102847274983702,2.102847274983702
exponential invocations of qdrift channel,8,0.2342593693016379,0.0467350170581069,,0.0467350170581069,0.0467350170581069,0.0467350170581069,0.0467350170581069,0.0467350170581069
exponential invocations of qdrift channel,8,0.2607123571336,5.534866604757914,,5.534866604757914,5.534866604757914,5.534866604757914,5.534866604757914,5.534866604757914
exponential invocations of qdrift channel,8,0.2901524637618092,0.4465259142439679,,0.4465259142439679,0.4465259142439679,0.4465259142439679,0.4465259142439679,0.4465259142439679
exponential invocations of qdrift channel,8,0.3229169999943896,0.5850886140405329,,0.5850886140405329,0.5850886140405329,0.5850886140405329,0.5850886140405329,0.5850886140405329
exponential invocations of qdrift channel,8,0.3593813663804626,0.5119930232049885,,0.5119930232049885,0.5119930232049885,0.5119930232049885,0.5119930232049885,0.5119930232049885
exponential invocations of qdrift channel,8,0.3999633543719662,0.1680204123963142,,0.1680204123963142,0.1680204123963142,0.1680204123963142,0.1680204123963142,0.1680204123963142
exponential invocations of qdrift channel,8,0.4451279331803761,2.1255239627004423,,2.1255239627004423,2.1255239627004423,2.1255239627004423,2.1255239627004423,2.1255239627004423
exponential invocations of qdrift channel,8,0.4953925771738686,1.996791389633513,,1.996791389633513,1.996791389633513,1.996791389633513,1.996791389633513,1.996791389633513
exponential invocations of qdrift channel,8,0.5513331948537141,1.4007621380505206,,1.4007621380505206,1.4007621380505206,1.4007621380505206,1.4007621380505206,1.4007621380505206
exponential invocations of qdrift channel,8,0.6135907273413169,1.5987610700230317,,1.5987610700230317,1.5987610700230317,1.5987610700230317,1.5987610700230317,1.5987610700230317
exponential invocations of qdrift channel,8,0.6828784919782344,1.176668633142936,,1.176668633142936,1.176668633142936,1.176668633142936,1.176668633142936,1.176668633142936
exponential invocations of qdrift channel,8,0.7599903551786718,1.2818246285787875,,1.2818246285787875,1.2818246285787875,1.2818246285787875,1.2818246285787875,1.2818246285787875
exponential invocations of qdrift channel,8,0.845809828175133,1.0659977944424526,,1.0659977944424526,1.0659977944424526,1.0659977944424526,1.0659977944424526,1.0659977944424526
exponential invocations of qdrift channel,8,0.9413201898719628,5.690092722488608,,5.690092722488608,5.690092722488608,5.690092722488608,5.690092722488608,5.690092722488608
exponential invocations of qdrift channel,8,1.047615752789664,5.419483250529418,,5.419483250529418,5.419483250529418,5.419483250529418,5.419483250529418,5.419483250529418
exponential invocations of qdrift channel,8,1.165914401179831,4.245331653740169,,4.245331653740169,4.245331653740169,4.245331653740169,4.245331653740169,4.245331653740169
exponential invocations of qdrift channel,8,1.2975715449664955,3.979882025963641,,3.979882025963641,3.979882025963641,3.979882025963641,3.979882025963641,3.979882025963641
exponential invocations of qdrift channel,8,1.444095649391543,4.005900450900198,,4.005900450900198,4.005900450900198,4.005900450900198,4.005900450900198,4.005900450900198
exponential invocations of qdrift channel,8,1.607165518295509,2.7903209293305067,,2.7903209293305067,2.7903209293305067,2.7903209293305067,2.7903209293305067,2.7903209293305067
exponential invocations of qdrift channel,8,1.7886495290574334,2.5063620443575263,,2.5063620443575263,2.5063620443575263,2.5063620443575263,2.5063620443575263,2.5063620443575263
exponential invocations of qdrift channel,8,1.9906270395785892,2.092723798112059,,2.092723798112059,2.092723798112059,2.092723798112059,2.092723798112059,2.092723798112059
exponential invocations of qdrift channel,8,2.2154122125811804,1.6528035005012298,,1.6528035005012298,1.6528035005012298,1.6528035005012298,1.6528035005012298,1.6528035005012298
exponential invocations of qdrift channel,8,2.465580530189557,1.4363879309633385,,1.4363879309633385,1.4363879309633385,1.4363879309633385,1.4363879309633385,1.4363879309633385
exponential invocations of qdrift channel,8,2.7439983025854415,3.625645185809384,,3.625645185809384,3.625645185809384,3.625645185809384,3.625645185809384,3.625645185809384
exponential invocations of qdrift channel,8,3.0538555088334123,3.4212036454019934,,3.4212036454019934,3.4212036454019934,3.4212036454019934,3.4212036454019934,3.4212036454019934
exponential invocations of qdrift channel,8,3.3987023461512473,2.590135652149074,,2.590135652149074,2.590135652149074,2.590135652149074,2.590135652149074,2.590135652149074
exponential invocations of qdrift channel,8,3.782489906389382,2.3341428784381115,,2.3341428784381115,2.3341428784381115,2.3341428784381115,2.3341428784381115,2.3341428784381115
exponential invocations of qdrift channel,8,4.209615445771329,1.9199069829230957,,1.9199069829230957,1.9199069829230957,1.9199069829230957,1.9199069829230957,1.9199069829230957
exponential invocations of qdrift channel,8,4.684972766574334,2.770802183997458,,2.770802183997458,2.770802183997458,2.770802183997458,2.770802183997458,2.770802183997458
exponential invocations of qdrift channel,8,5.214008287999679,2.570664214954878,,2.570664214954878,2.570664214954878,2.570664214954878,2.570664214954878,2.570664214954878
exponential invocations of qdrift channel,8,5.80278344866618,2.142515204963972,,2.142515204963972,2.142515204963972,2.142515204963972,2.142515204963972,2.142515204963972
exponential invocations of qdrift channel,8,6.458044155705076,2.8766898556776006,,2.8766898556776006,2.8766898556776006,2.8766898556776006,2.8766898556776006,2.8766898556776006
exponential invocations of qdrift channel,8,7.187298076171189,2.48270767209343,,2.48270767209343,2.48270767209343,2.48270767209343,2.48270767209343,2.48270767209343
exponential invocations of qdrift channel,8,7.998900656338774,2.8987718499131727,,2.8987718499131727,2.8987718499131727,2.8987718499131727,2.8987718499131727,2.8987718499131727
exponential invocations of qdrift channel,8,8.902150854450374,2.503351603471811,,2.503351603471811,2.503351603471811,2.503351603471811,2.503351603471811,2.503351603471811
exponential invocations of qdrift channel,8,9.907397683779305,2.821367215830018,,2.821367215830018,2.821367215830018,2.821367215830018,2.821367215830018,2.821367215830018
exponential invocations of qdrift channel,8,11.02615878672568,2.3586881256757346,,2.3586881256757346,2.3586881256757346,2.3586881256757346,2.3586881256757346,2.3586881256757346
exponential invocations of qdrift channel,8,12.27125239851189,2.549249114196648,,2.549249114196648,2.549249114196648,2.549249114196648,2.549249114196648,2.549249114196648
exponential invocations of qdrift channel,8,13.656944212455064,2.640324666494702,,2.640324666494702,2.640324666494702,2.640324666494702,2.640324666494702,2.640324666494702
exponential invocations of qdrift channel,8,15.199110829529332,2.704967881283434,,2.704967881283434,2.704967881283434,2.704967881283434,2.704967881283434,2.704967881283434
exponential invocations of qdrift channel,8,16.915421664945566,2.636699898982282,,2.636699898982282,2.636699898982282,2.636699898982282,2.636699898982282,2.636699898982282
exponential invocations of qdrift channel,8,18.82554139594829,2.6472968198837585,,2.6472968198837585,2.6472968198837585,2.6472968198837585,2.6472968198837585,2.6472968198837585
exponential invocations of qdrift channel,8,20.951355270380315,2.560078234115859,,2.560078234115859,2.560078234115859,2.560078234115859,2.560078234115859,2.560078234115859
exponential invocations of qdrift channel,8,23.317219857494653,2.4538845519102215,,2.4538845519102215,2.4538845519102215,2.4538845519102215,2.4538845519102215,2.4538845519102215
exponential invocations of qdrift channel,8,25.95024211399732,2.5839488520738856,,2.5839488520738856,2.5839488520738856,2.5839488520738856,2.5839488520738856,2.5839488520738856
exponential invocations of qdrift channel,8,28.88058996272791,2.662379880468087,,2.662379880468087,2.662379880468087,2.662379880468087,2.662379880468087,2.662379880468087
exponential invocations of qdrift channel,8,32.14183794244142,2.4757258497962153,,2.4757258497962153,2.4757258497962153,2.4757258497962153,2.4757258497962153,2.4757258497962153
exponential invocations of qdrift channel,8,35.77135188898287,2.474111557989736,,2.474111557989736,2.474111557989736,2.474111557989736,2.474111557989736,2.474111557989736
exponential invocations of qdrift channel,8,39.810717055349734,2.587759611400867,,2.587759611400867,2.587759611400867,2.587759611400867,2.587759611400867,2.587759611400867
exponential invocations of qdrift channel,10,0.001,2.561249694973137,,2.561249694973137,2.561249694973137,2.561249694973137,2.561249694973137,2.561249694973137
exponential invocations of qdrift channel,10,0.001112921792246,2.561249694973137,,2.561249694973137,2.561249694973137,2.561249694973137,2.561249694973137,2.561249694973137
exponential invocations of qdrift channel,10,0.001238594915656,2.392688896234767,,2.392688896234767,2.392688896234767,2.392688896234767,2.392688896234767,2.392688896234767
exponential invocations of qdrift channel,10,0.0013784592733987,1.8900411555818184,,1.8900411555818184,1.8900411555818184,1.8900411555818184,1.8900411555818184,1.8900411555818184
exponential invocations of qdrift channel,10,0.001534117365089,1.4383941987560849,,1.4383941987560849,1.4383941987560849,1.4383941987560849,1.4383941987560849,1.4383941987560849
exponential invocations of qdrift channel,10,0.0017073526474706,1.032573268684931,,1.032573268684931,1.032573268684931,1.032573268684931,1.032573268684931,1.032573268684931
exponential invocations of qdrift channel,10,0.001900149968419,0.6679286612214028,,0.6679286612214028,0.6679286612214028,0.6679286612214028,0.6679286612214028,0.6679286612214028
exponential invocations of qdrift channel,10,0.0021147183083891,0.3402824510347648,,0.3402824510347648,0.3402824510347648,0.3402824510347648,0.3402824510347648,0.3402824510347648
exponential invocations of qdrift channel,10,0.0023535160898679,0.0458806229194177,,0.0458806229194177,0.0458806229194177,0.0458806229194177,0.0458806229194177,0.0458806229194177
exponential invocations of qdrift channel,10,0.0026192793448156,0.2186499399346089,,0.2186499399346089,0.2186499399346089,0.2186499399346089,0.2186499399346089,0.2186499399346089
exponential invocations of qdrift channel,10,0.0029150530628251,0.4563401035175958,,0.4563401035175958,0.4563401035175958,0.4563401035175958,0.4563401035175958,0.4563401035175958
exponential invocations of qdrift channel,10,0.0032442260791716,0.6699132092281943,,0.6699132092281943,0.6699132092281943,0.6699132092281943,0.6699132092281943,0.6699132092281943
exponential invocations of qdrift channel,10,0.0036105699024829,0.8618162766302453,,0.8618162766302453,0.8618162766302453,0.8618162766302453,0.8618162766302453,0.8618162766302453
exponential invocations of qdrift channel,10,0.0040182819269008,0.4927536144835374,,0.4927536144835374,0.4927536144835374,0.4927536144835374,0.4927536144835374,0.4927536144835374
exponential invocations of qdrift channel,10,0.0044720335238362,0.1828814117538821,,0.1828814117538821,0.1828814117538821,0.1828814117538821,0.1828814117538821,0.1828814117538821
exponential invocations of qdrift channel,10,0.0049770235643321,0.0955498355166848,,0.0955498355166848,0.0955498355166848,0.0955498355166848,0.0955498355166848,0.0955498355166848
exponential invocations of qdrift channel,10,0.0055390379852671,0.345730260781484,,0.345730260781484,0.345730260781484,0.345730260781484,0.345730260781484,0.345730260781484
exponential invocations of qdrift channel,10,0.0061645160818822,0.4248353780675193,,0.4248353780675193,0.4248353780675193,0.4248353780675193,0.4248353780675193,0.4248353780675193
exponential invocations of qdrift channel,10,0.0068606242861777,0.1218544493121207,,0.1218544493121207,0.1218544493121207,0.1218544493121207,0.1218544493121207,0.1218544493121207
exponential invocations of qdrift channel,10,0.0076353382764995,0.1503847420365796,,0.1503847420365796,0.1503847420365796,0.1503847420365796,0.1503847420365796,0.1503847420365796
exponential invocations of qdrift channel,10,0.0084975343590864,0.3270813866100304,,0.3270813866100304,0.3270813866100304,0.3270813866100304,0.3270813866100304,0.3270813866100304
exponential invocations of qdrift channel,10,0.0094570911685865,0.0340189948007916,,0.0340189948007916,0.0340189948007916,0.0340189948007916,0.0340189948007916,0.0340189948007916
exponential invocations of qdrift channel,10,0.0105250028527773,0.2293080366681517,,0.2293080366681517,0.2293080366681517,0.2293080366681517,0.2293080366681517,0.2293080366681517
exponential invocations of qdrift channel,10,0.0117135050383073,0.057916443375674,,0.057916443375674,0.057916443375674,0.057916443375674,0.057916443375674,0.057916443375674
exponential invocations of qdrift channel,10,0.0130362150207157,0.2078353251610343,,0.2078353251610343,0.2078353251610343,0.2078353251610343,0.2078353251610343,0.2078353251610343
exponential invocations of qdrift channel,10,0.0145082877849593,0.023697403832227,,0.023697403832227,0.023697403832227,0.023697403832227,0.023697403832227,0.023697403832227
exponential invocations of qdrift channel,10,0.0161465896440579,0.0988452853067589,,0.0988452853067589,0.0988452853067589,0.0988452853067589,0.0988452853067589,0.0988452853067589
exponential invocations of qdrift channel,10,0.0179698914853259,0.5118522438436877,,0.5118522438436877,0.5118522438436877,0.5118522438436877,0.5118522438436877,0.5118522438436877
exponential invocations of qdrift channel,10,0.0199990838383153,0.1067679992518462,,0.1067679992518462,0.1067679992518462,0.1067679992518462,0.1067679992518462,0.1067679992518462
exponential invocations of qdrift channel,10,0.0222574162286162,0.1955496965275025,,0.1955496965275025,0.1955496965275025,0.1955496965275025,0.1955496965275025,0.1955496965275025
exponential invocations of qdrift channel,10,0.0247707635599171,0.3318752055551814,,0.3318752055551814,0.3318752055551814,0.3318752055551814,0.3318752055551814,0.3318752055551814
exponential invocations of qdrift channel,10,0.0275679225764052,0.10964716402813,,0.10964716402813,0.10964716402813,0.10964716402813,0.10964716402813,0.10964716402813
exponential invocations of qdrift channel,10,0.0306809418022322,0.0386379318222611,,0.0386379318222611,0.0386379318222611,0.0386379318222611,0.0386379318222611,0.0386379318222611
exponential invocations of qdrift channel,10,0.034145488738336,0.0454583768318763,,0.0454583768318763,0.0454583768318763,0.0454583768318763,0.0454583768318763,0.0454583768318763
exponential invocations of qdrift channel,10,0.038001258523785,0.3007212951616091,,0.3007212951616091,0.3007212951616091,0.3007212951616091,0.3007212951616091,0.3007212951616091
exponential invocations of qdrift channel,10,0.0422924287438949,0.0948343891063356,,0.0948343891063356,0.0948343891063356,0.0948343891063356,0.0948343891063356,0.0948343891063356
exponential invocations of qdrift channel,10,0.0470681655960924,0.046000056035627,,0.046000056035627,0.046000056035627,0.046000056035627,0.046000056035627,0.046000056035627
exponential invocations of qdrift channel,10,0.0523831872129354,0.3671341424785148,,0.3671341424785148,0.3671341424785148,0.3671341424785148,0.3671341424785148,0.3671341424785148
exponential invocations of qdrift channel,10,0.0582983905965786,0.1752581280999292,,0.1752581280999292,0.1752581280999292,0.1752581280999292,0.1752581280999292,0.1752581280999292
exponential invocations of qdrift channel,10,0.0648815493478024,0.0867426845277514,,0.0867426845277514,0.0867426845277514,0.0867426845277514,0.0867426845277514,0.0867426845277514
exponential invocations of qdrift channel,10,0.0722080901838546,0.2429439000290401,,0.2429439000290401,0.2429439000290401,0.2429439000290401,0.2429439000290401,0.2429439000290401
exponential invocations of qdrift channel,10,0.0803619571420773,0.0415815435004582,,0.0415815435004582,0.0415815435004582,0.0415815435004582,0.0415815435004582,0.0415815435004582
exponential invocations of qdrift channel,10,0.0894365733709581,0.7774827646547775,,0.7774827646547775,0.7774827646547775,0.7774827646547775,0.7774827646547775,0.7774827646547775
exponential invocations of qdrift channel,10,0.0995359115283489,0.0337915610151795,,0.0337915610151795,0.0337915610151795,0.0337915610151795,0.0337915610151795,0.0337915610151795
exponential invocations of qdrift channel,10,0.1107756850509708,0.511800336997037,,0.511800336997037,0.511800336997037,0.511800336997037,0.511800336997037,0.511800336997037
exponential invocations of qdrift channel,10,0.1232846739442065,0.126349984555957,,0.126349984555957,0.126349984555957,0.126349984555957,0.126349984555957,0.126349984555957
exponential invocations of qdrift channel,10,0.1372062002824518,0.5935498526038243,,0.5935498526038243,0.5935498526038243,0.5935498526038243,0.5935498526038243,0.5935498526038243
exponential invocations of qdrift channel,10,0.152699770325612,0.4717376858860032,,0.4717376858860032,0.4717376858860032,0.4717376858860032,0.4717376858860032,0.4717376858860032
exponential invocations of qdrift channel,10,0.1699429020663349,3.57673502271206,,3.57673502271206,3.57673502271206,3.57673502271206,3.57673502271206,3.57673502271206
exponential invocations of qdrift channel,10,0.1891331591471545,1.7211398112130611,,1.7211398112130611,1.7211398112130611,1.7211398112130611,1.7211398112130611,1.7211398112130611
exponential invocations of qdrift channel,10,0.2104904144512019,1.74503272523069,,1.74503272523069,1.74503272523069,1.74503272523069,1.74503272523069,1.74503272523069
exponential invocations of qdrift channel,10,0.2342593693016379,1.7081866852367575,,1.7081866852367575,1.7081866852367575,1.7081866852367575,1.7081866852367575,1.7081866852367575
exponential invocations of qdrift channel,10,0.2607123571336,0.7255023944527241,,0.7255023944527241,0.7255023944527241,0.7255023944527241,0.7255023944527241,0.7255023944527241
exponential invocations of qdrift channel,10,0.2901524637618092,0.949191781037284,,0.949191781037284,0.949191781037284,0.949191781037284,0.949191781037284,0.949191781037284
exponential invocations of qdrift channel,10,0.3229169999943896,1.8471096394149793,,1.8471096394149793,1.8471096394149793,1.8471096394149793,1.8471096394149793,1.8471096394149793
exponential invocations of qdrift channel,10,0.3593813663804626,1.366099749014977,,1.366099749014977,1.366099749014977,1.366099749014977,1.366099749014977,1.366099749014977
exponential invocations of qdrift channel,10,0.3999633543719662,2.2252088701805084,,2.2252088701805084,2.2252088701805084,2.2252088701805084,2.2252088701805084,2.2252088701805084
exponential invocations of qdrift channel,10,0.4451279331803761,2.3185087603693546,,2.3185087603693546,2.3185087603693546,2.3185087603693546,2.3185087603693546,2.3185087603693546
exponential invocations of qdrift channel,10,0.4953925771738686,0.3813170023351739,,0.3813170023351739,0.3813170023351739,0.3813170023351739,0.3813170023351739,0.3813170023351739
exponential invocations of qdrift channel,10,0.5513331948537141,1.3896328913285436,,1.3896328913285436,1.3896328913285436,1.3896328913285436,1.3896328913285436,1.3896328913285436
exponential invocations of qdrift channel,10,0.6135907273413169,1.5787610182682412,,1.5787610182682412,1.5787610182682412,1.5787610182682412,1.5787610182682412,1.5787610182682412
exponential invocations of qdrift channel,10,0.6828784919782344,1.2575370585108314,,1.2575370585108314,1.2575370585108314,1.2575370585108314,1.2575370585108314,1.2575370585108314
exponential invocations of qdrift channel,10,0.7599903551786718,1.330266741900871,,1.330266741900871,1.330266741900871,1.330266741900871,1.330266741900871,1.330266741900871
exponential invocations of qdrift channel,10,0.845809828175133,1.0805067844001153,,1.0805067844001153,1.0805067844001153,1.0805067844001153,1.0805067844001153,1.0805067844001153
exponential invocations of qdrift channel,10,0.9413201898719628,5.729203260332552,,5.729203260332552,5.729203260332552,5.729203260332552,5.729203260332552,5.729203260332552
exponential invocations of qdrift channel,10,1.047615752789664,5.091489235957385,,5.091489235957385,5.091489235957385,5.091489235957385,5.091489235957385,5.091489235957385
exponential invocations of qdrift channel,10,1.165914401179831,4.761081753612572,,4.761081753612572,4.761081753612572,4.761081753612572,4.761081753612572,4.761081753612572
exponential invocations of qdrift channel,10,1.2975715449664955,3.9562381537804656,,3.9562381537804656,3.9562381537804656,3.9562381537804656,3.9562381537804656,3.9562381537804656
exponential invocations of qdrift channel,10,1.444095649391543,3.372803501979221,,3.372803501979221,3.372803501979221,3.372803501979221,3.372803501979221,3.372803501979221
exponential invocations of qdrift channel,10,1.607165518295509,2.8361351762019806,,2.8361351762019806,2.8361351762019806,2.8361351762019806,2.8361351762019806,2.8361351762019806
exponential invocations of qdrift channel,10,1.7886495290574334,2.499501088030575,,2.499501088030575,2.499501088030575,2.499501088030575,2.499501088030575,2.499501088030575
exponential invocations of qdrift channel,10,1.9906270395785892,2.3054098960292593,,2.3054098960292593,2.3054098960292593,2.3054098960292593,2.3054098960292593,2.3054098960292593
exponential invocations of qdrift channel,10,2.2154122125811804,1.9186901915661785,,1.9186901915661785,1.9186901915661785,1.9186901915661785,1.9186901915661785,1.9186901915661785
exponential invocations of qdrift channel,10,2.465580530189557,1.48367194316729,,1.48367194316729,1.48367194316729,1.48367194316729,1.48367194316729,1.48367194316729
exponential invocations of qdrift channel,10,2.7439983025854415,3.5607975613676803,,3.5607975613676803,3.5607975613676803,3.5607975613676803,3.5607975613676803,3.5607975613676803
exponential invocations of qdrift channel,10,3.0538555088334123,3.2765384948625593,,3.2765384948625593,3.2765384948625593,3.2765384948625593,3.2765384948625593,3.2765384948625593
exponential invocations of qdrift channel,10,3.3987023461512473,2.6099947477075305,,2.6099947477075305,2.6099947477075305,2.6099947477075305,2.6099947477075305,2.6099947477075305
exponential invocations of qdrift channel,10,3.782489906389382,2.6050488667334633,,2.6050488667334633,2.6050488667334633,2.6050488667334633,2.6050488667334633,2.6050488667334633
exponential invocations of qdrift channel,10,4.209615445771329,1.911161400486049,,1.911161400486049,1.911161400486049,1.911161400486049,1.911161400486049,1.911161400486049
exponential invocations of qdrift channel,10,4.684972766574334,2.985593485247387,,2.985593485247387,2.985593485247387,2.985593485247387,2.985593485247387,2.985593485247387
exponential invocations of qdrift channel,10,5.214008287999679,2.5718410299525964,,2.5718410299525964,2.5718410299525964,2.5718410299525964,2.5718410299525964,2.5718410299525964
exponential invocations of qdrift channel,10,5.80278344866618,2.0981039711751213,,2.0981039711751213,2.0981039711751213,2.0981039711751213,2.0981039711751213,2.0981039711751213
exponential invocations of qdrift channel,10,6.458044155705076,2.9099440894868063,,2.9099440894868063,2.9099440894868063,2.9099440894868063,2.9099440894868063,2.9099440894868063
exponential invocations of qdrift channel,10,7.187298076171189,2.493806001413388,,2.493806001413388,2.493806001413388,2.493806001413388,2.493806001413388,2.493806001413388
exponential invocations of qdrift channel,10,7.998900656338774,2.894169275073081,,2.894169275073081,2.894169275073081,2.894169275073081,2.894169275073081,2.894169275073081
exponential invocations of qdrift channel,10,8.902150854450374,2.5481536980859323,,2.5481536980859323,2.5481536980859323,2.5481536980859323,2.5481536980859323,2.5481536980859323
exponential invocations of qdrift channel,10,9.907397683779305,2.7854462248545437,,2.7854462248545437,2.7854462248545437,2.7854462248545437,2.7854462248545437,2.7854462248545437
exponential invocations of qdrift channel,10,11.02615878672568,2.3970857857898027,,2.3970857857898027,2.3970857857898027,2.3970857857898027,2.3970857857898027,2.3970857857898027
exponential invocations of qdrift channel,10,12.27125239851189,2.5497491383956685,,2.5497491383956685,2.5497491383956685,2.5497491383956685,2.5497491383956685,2.5497491383956685
exponential invocations of qdrift channel,10,13.656944212455064,2.621903792447065,,2.621903792447065,2.621903792447065,2.621903792447065,2.621903792447065,2.621903792447065
exponential invocations of qdrift channel,10,15.199110829529332,2.6791309039692233,,2.6791309039692233,2.6791309039692233,2.6791309039692233,2.6791309039692233,2.6791309039692233
exponential invocations of qdrift channel,10,16.915421664945566,2.6853072419497117,,2.6853072419497117,2.6853072419497117,2.6853072419497117,2.6853072419497117,2.6853072419497117
exponential invocations of qdrift channel,10,18.82554139594829,2.602643577032413,,2.602643577032413,2.602643577032413,2.602643577032413,2.602643577032413,2.602643577032413
exponential invocations of qdrift channel,10,20.951355270380315,2.5603710993301787,,2.5603710993301787,2.5603710993301787,2.5603710993301787,2.5603710993301787,2.5603710993301787
exponential invocations of qdrift channel,10,23.317219857494653,2.435464061678839,,2.435464061678839,2.435464061678839,2.435464061678839,2.435464061678839,2.435464061678839
exponential invocations of qdrift channel,10,25.95024211399732,2.5908058891147365,,2.5908058891147365,2.5908058891147365,2.5908058891147365,2.5908058891147365,2.5908058891147365
exponential invocations of qdrift channel,10,28.88058996272791,2.6615300469765324,,2.6615300469765324,2.6615300469765324,2.6615300469765324,2.6615300469765324,2.6615300469765324
exponential invocations of qdrift channel,10,32.14183794244142,2.4766803569968503,,2.4766803569968503,2.4766803569968503,2.4766803569968503,2.4766803569968503,2.4766803569968503
exponential invocations of qdrift channel,10,35.77135188898287,2.473940026224021,,2.473940026224021,2.473940026224021,2.473940026224021,2.473940026224021,2.473940026224021
exponential invocations of qdrift channel,10,39.810717055349734,2.586526592032135,,2.586526592032135,2.586526592032135,2.586526592032135,2.586526592032135,2.586526592032135
exponential invocations of qdrift channel,12,0.001,0.5067118807981452,,0.5067118807981452,0.5067118807981452,0.5067118807981452,0.5067118807981452,0.5067118807981452
exponential invocations of qdrift channel,12,0.0010473708979594,0.3679529225031244,,0.3679529225031244,0.3679529225031244,0.3679529225031244,0.3679529225031244,0.3679529225031244
exponential invocations of qdrift channel,12,0.0010969857978923,0.2354698082927147,,0.2354698082927147,0.2354698082927147,0.2354698082927147,0.2354698082927147,0.2354698082927147
exponential invocations of qdrift channel,12,0.0011489510001873,0.1089786918519979,,0.1089786918519979,0.1089786918519979,0.1089786918519979,0.1089786918519979,0.1089786918519979
exponential invocations of qdrift channel,12,0.0012033778407775,0.0117914352225243,,0.0117914352225243,0.0117914352225243,0.0117914352225243,0.0117914352225243,0.0117914352225243
exponential invocations of qdrift channel,12,0.0012603829296797,0.1270993240609619,,0.1270993240609619,0.1270993240609619,0.1270993240609619,0.1270993240609619,0.1270993240609619
exponential invocations of qdrift channel,12,0.0013200884008314,0.2371920228967678,,0.2371920228967678,0.2371920228967678,0.2371920228967678,0.2371920228967678,0.2371920228967678
exponential invocations of qdrift channel,12,0.0013826221737646,0.3423054063698956,,0.3423054063698956,0.3423054063698956,0.3423054063698956,0.3423054063698956,0.3423054063698956
exponential invocations of qdrift channel,12,0.0014481182276745,0.4426646808904251,,0.4426646808904251,0.4426646808904251,0.4426646808904251,0.4426646808904251,0.4426646808904251
exponential invocations of qdrift channel,12,0.0015167168884709,0.4728975467684448,,0.4728975467684448,0.4728975467684448,0.4728975467684448,0.4728975467684448,0.4728975467684448
exponential invocations of qdrift channel,12,0.001588565129428,0.3356679563124651,,0.3356679563124651,0.3356679563124651,0.3356679563124651,0.3356679563124651,0.3356679563124651
exponential invocations of qdrift channel,12,0.0016638168860761,0.2046450390981933,,0.2046450390981933,0.2046450390981933,0.2046450390981933,0.2046450390981933,0.2046450390981933
exponential invocations of qdrift channel,12,0.0017426333860096,0.0795480772964674,,0.0795480772964674,0.0795480772964674,0.0795480772964674,0.0795480772964674,0.0795480772964674
exponential invocations of qdrift channel,12,0.001825183494319,0.0398909505068103,,0.0398909505068103,0.0398909505068103,0.0398909505068103,0.0398909505068103,0.0398909505068103
exponential invocations of qdrift channel,12,0.0019116440753857,0.1539279435490832,,0.1539279435490832,0.1539279435490832,0.1539279435490832,0.1539279435490832,0.1539279435490832
exponential invocations of qdrift channel,12,0.0020022003718155,0.2628072271576367,,0.2628072271576367,0.2628072271576367,0.2628072271576367,0.2628072271576367,0.2628072271576367
exponential invocations of qdrift channel,12,0.0020970464013232,0.3647337966991539,,0.3647337966991539,0.3647337966991539,0.3647337966991539,0.3647337966991539,0.3647337966991539
exponential invocations of qdrift channel,12,0.0021963853724165,0.2323962783614912,,0.2323962783614912,0.2323962783614912,0.2323962783614912,0.2323962783614912,0.2323962783614912
exponential invocations of qdrift channel,12,0.0023004301197729,0.1060441727268139,,0.1060441727268139,0.1060441727268139,0.1060441727268139,0.1060441727268139,0.1060441727268139
exponential invocations of qdrift channel,12,0.0024094035602395,0.0145932307764216,,0.0145932307764216,0.0145932307764216,0.0145932307764216,0.0145932307764216,0.0145932307764216
exponential invocations of qdrift channel,12,0.0025235391704347,0.1297743989168278,,0.1297743989168278,0.1297743989168278,0.1297743989168278,0.1297743989168278,0.1297743989168278
exponential invocations of qdrift channel,12,0.0026430814869741,0.2397461084275742,,0.2397461084275742,0.2397461084275742,0.2397461084275742,0.2397461084275742,0.2397461084275742
exponential invocations of qdrift channel,12,0.002768286630392,0.2093824553334711,,0.2093824553334711,0.2093824553334711,0.2093824553334711,0.2093824553334711,0.2093824553334711
exponential invocations of qdrift channel,12,0.0028994228538828,0.0840712278293978,,0.0840712278293978,0.0840712278293978,0.0840712278293978,0.0840712278293978,0.0840712278293978
exponential invocations of qdrift channel,12,0.0030367711180354,0.0355723747837886,,0.0355723747837886,0.0355723747837886,0.0355723747837886,0.0355723747837886,0.0355723747837886
exponential invocations of qdrift channel,12,0.0031806256927941,0.1498046900469707,,0.1498046900469707,0.1498046900469707,0.1498046900469707,0.1498046900469707,0.1498046900469707
exponential invocations of qdrift channel,12,0.0033312947879346,0.2016053848740733,,0.2016053848740733,0.2016053848740733,0.2016053848740733,0.2016053848740733,0.2016053848740733
exponential invocations of qdrift channel,12,0.0034891012134067,0.0766459017347425,,0.0766459017347425,0.0766459017347425,0.0766459017347425,0.0766459017347425,0.0766459017347425
exponential invocations of qdrift channel,12,0.0036543830709572,0.0426618653445047,,0.0426618653445047,0.0426618653445047,0.0426618653445047,0.0426618653445047,0.0426618653445047
exponential invocations of qdrift channel,12,0.0038274944785163,0.1565735343737784,,0.1565735343737784,0.1565735343737784,0.1565735343737784,0.1565735343737784,0.1565735343737784
exponential invocations of qdrift channel,12,0.0040088063288984,0.1173195932942832,,0.1173195932942832,0.1173195932942832,0.1173195932942832,0.1173195932942832,0.1173195932942832
exponential invocations of qdrift channel,12,0.0041987070844439,0.0038277793117718,,0.0038277793117718,0.0038277793117718,0.0038277793117718,0.0038277793117718,0.0038277793117718
exponential invocations of qdrift channel,12,0.0043976036093027,0.1194958514742521,,0.1194958514742521,0.1194958514742521,0.1194958514742521,0.1194958514742521,0.1194958514742521
exponential invocations of qdrift channel,12,0.0046059220411451,0.1031128785701525,,0.1031128785701525,0.1031128785701525,0.1031128785701525,0.1031128785701525,0.1031128785701525
exponential invocations of qdrift channel,12,0.0048241087041653,0.0173919472219257,,0.0173919472219257,0.0173919472219257,0.0173919472219257,0.0173919472219257,0.0173919472219257
exponential invocations of qdrift channel,12,0.0050526310653356,0.1324465339274114,,0.1324465339274114,0.1324465339274114,0.1324465339274114,0.1324465339274114,0.1324465339274114
exponential invocations of qdrift channel,12,0.0052919787359584,0.0475716514093833,,0.0475716514093833,0.0475716514093833,0.0475716514093833,0.0475716514093833,0.0475716514093833
exponential invocations of qdrift channel,12,0.0055426645206631,0.0704211341785026,,0.0704211341785026,0.0704211341785026,0.0704211341785026,0.0704211341785026,0.0704211341785026
exponential invocations of qdrift channel,12,0.0058052255160948,0.0811640814300429,,0.0811640814300429,0.0811640814300429,0.0811640814300429,0.0811640814300429,0.0811640814300429
exponential invocations of qdrift channel,12,0.0060802242616494,0.0383480356361394,,0.0383480356361394,0.0383480356361394,0.0383480356361394,0.0383480356361394,0.0383480356361394
exponential invocations of qdrift channel,12,0.0063682499447185,0.0884246760424161,,0.0884246760424161,0.0884246760424161,0.0884246760424161,0.0884246760424161,0.0884246760424161
exponential invocations of qdrift channel,12,0.0066699196630301,0.0314158260182075,,0.0314158260182075,0.0314158260182075,0.0314158260182075,0.0314158260182075,0.0314158260182075
exponential invocations of qdrift channel,12,0.0069858797467852,0.0737469155967129,,0.0737469155967129,0.0737469155967129,0.0737469155967129,0.0737469155967129,0.0737469155967129
exponential invocations of qdrift channel,12,0.0073168071434271,0.164221928319181,,0.164221928319181,0.164221928319181,0.164221928319181,0.164221928319181,0.164221928319181
exponential invocations of qdrift channel,12,0.0076634108680074,0.0409532386793456,,0.0409532386793456,0.0409532386793456,0.0409532386793456,0.0409532386793456,0.0409532386793456
exponential invocations of qdrift channel,12,0.0080264335222571,0.1143759077116808,,0.1143759077116808,0.1143759077116808,0.1143759077116808,0.1143759077116808,0.1143759077116808
exponential invocations of qdrift channel,12,0.0084066528856183,0.0066383267389893,,0.0066383267389893,0.0066383267389893,0.0066383267389893,0.0066383267389893,0.0066383267389893
exponential invocations of qdrift channel,12,0.0088048835816434,0.0520400328156056,,0.0520400328156056,0.0520400328156056,0.0520400328156056,0.0520400328156056,0.0520400328156056
exponential invocations of qdrift channel,12,0.0092219788233343,0.0661548504628384,,0.0661548504628384,0.0661548504628384,0.0661548504628384,0.0661548504628384,0.0661548504628384
exponential invocations of qdrift channel,12,0.0096588322411587,0.0201875879429076,,0.0201875879429076,0.0201875879429076,0.0201875879429076,0.0201875879429076,0.0201875879429076
exponential invocations of qdrift channel,12,0.010116379797662,0.0165176403420654,,0.0165176403420654,0.0165176403420654,0.0165176403420654,0.0165176403420654,0.0165176403420654
exponential invocations of qdrift channel,12,0.0105956017927761,0.0447046171987817,,0.0447046171987817,0.0447046171987817,0.0447046171987817,0.0447046171987817,0.0447046171987817
exponential invocations of qdrift channel,12,0.0110975249641207,0.0650687917216523,,0.0650687917216523,0.0650687917216523,0.0650687917216523,0.0650687917216523,0.0650687917216523
exponential invocations of qdrift channel,12,0.0116232246867985,0.0537153613273,,0.0537153613273,0.0537153613273,0.0537153613273,0.0537153613273,0.0537153613273
exponential invocations of qdrift channel,12,0.0121738272773966,0.0411206461015241,,0.0411206461015241,0.0411206461015241,0.0411206461015241,0.0411206461015241,0.0411206461015241
exponential invocations of qdrift channel,12,0.0127505124071301,0.0347946383446284,,0.0347946383446284,0.0347946383446284,0.0347946383446284,0.0347946383446284,0.0347946383446284
exponential invocations of qdrift channel,12,0.0133545156292989,0.0806700197310168,,0.0806700197310168,0.0806700197310168,0.0806700197310168,0.0806700197310168,0.0806700197310168
exponential invocations of qdrift channel,12,0.0139871310264723,0.0708511153772772,,0.0708511153772772,0.0708511153772772,0.0708511153772772,0.0708511153772772,0.0708511153772772
exponential invocations of qdrift channel,12,0.0146497139830728,0.2659373286621718,,0.2659373286621718,0.2659373286621718,0.2659373286621718,0.2659373286621718,0.2659373286621718
exponential invocations of qdrift channel,12,0.0153436840893001,0.1618559968893369,,0.1618559968893369,0.1618559968893369,0.1618559968893369,0.1618559968893369,0.1618559968893369
exponential invocations of qdrift channel,12,0.0160705281826163,0.1114354571713249,,0.1114354571713249,0.1114354571713249,0.1114354571713249,0.1114354571713249,0.1114354571713249
exponential invocations of qdrift channel,12,0.0168318035333095,0.0094457854397069,,0.0094457854397069,0.0094457854397069,0.0094457854397069,0.0094457854397069,0.0094457854397069
exponential invocations of qdrift channel,12,0.0176291411809594,0.0378458381403086,,0.0378458381403086,0.0378458381403086,0.0378458381403086,0.0378458381403086,0.0378458381403086
exponential invocations of qdrift channel,12,0.0184642494289554,0.0141815245532925,,0.0141815245532925,0.0141815245532925,0.0141815245532925,0.0141815245532925,0.0141815245532925
exponential invocations of qdrift channel,12,0.0193389175045523,0.0229801563195111,,0.0229801563195111,0.0229801563195111,0.0229801563195111,0.0229801563195111,0.0229801563195111
exponential invocations of qdrift channel,12,0.0202550193923066,0.1377819973324703,,0.1377819973324703,0.1377819973324703,0.1377819973324703,0.1377819973324703,0.1377819973324703
exponential invocations of qdrift channel,12,0.0212145178491062,0.0304673336733629,,0.0304673336733629,0.0304673336733629,0.0304673336733629,0.0304673336733629,0.0304673336733629
exponential invocations of qdrift channel,12,0.0222194686093952,0.062182528559274,,0.062182528559274,0.062182528559274,0.062182528559274,0.062182528559274,0.062182528559274
exponential invocations of qdrift channel,12,0.023272024789604,0.2542167633143002,,0.2542167633143002,0.2542167633143002,0.2542167633143002,0.2542167633143002,0.2542167633143002
exponential invocations of qdrift channel,12,0.0243744415012222,0.0190437776037684,,0.0190437776037684,0.0190437776037684,0.0190437776037684,0.0190437776037684,0.0190437776037684
exponential invocations of qdrift channel,12,0.0255290806823951,0.0826040147106894,,0.0826040147106894,0.0826040147106894,0.0826040147106894,0.0826040147106894,0.0826040147106894
exponential invocations of qdrift channel,12,0.0267384161583994,0.0943431479164269,,0.0943431479164269,0.0943431479164269,0.0943431479164269,0.0943431479164269,0.0943431479164269
exponential invocations of qdrift channel,12,0.0280050389418363,0.1511421851371768,,0.1511421851371768,0.1511421851371768,0.1511421851371768,0.1511421851371768,0.1511421851371768
exponential invocations of qdrift channel,12,0.0293316627839004,0.0013414257611774,,0.0013414257611774,0.0013414257611774,0.0013414257611774,0.0013414257611774,0.0013414257611774
exponential invocations of qdrift channel,12,0.0307211299886175,0.014695573716736,,0.014695573716736,0.014695573716736,0.014695573716736,0.014695573716736,0.014695573716736
exponential invocations of qdrift channel,12,0.0321764175025073,0.1298721130508693,,0.1298721130508693,0.1298721130508693,0.1298721130508693,0.1298721130508693,0.1298721130508693
exponential invocations of qdrift channel,12,0.0337006432927192,0.0787855389118061,,0.0787855389118061,0.0787855389118061,0.0787855389118061,0.0787855389118061,0.0787855389118061
exponential invocations of qdrift channel,12,0.0352970730273065,0.1275373003182109,,0.1275373003182109,0.1275373003182109,0.1275373003182109,0.1275373003182109,0.1275373003182109
exponential invocations of qdrift channel,12,0.0369691270719502,0.1131295024376224,,0.1131295024376224,0.1131295024376224,0.1131295024376224,0.1131295024376224,0.1131295024376224
exponential invocations of qdrift channel,12,0.0387203878181255,0.025769655728177,,0.025769655728177,0.025769655728177,0.025769655728177,0.025769655728177,0.025769655728177
exponential invocations of qdrift channel,12,0.0405546073584082,0.0647951958405892,,0.0647951958405892,0.0647951958405892,0.0647951958405892,0.0647951958405892,0.0647951958405892
exponential invocations of qdrift channel,12,0.0424757155253689,0.5084659144650123,,0.5084659144650123,0.5084659144650123,0.5084659144650123,0.5084659144650123,0.5084659144650123
exponential invocations of qdrift channel,12,0.0444878283112758,0.1972230758756743,,0.1972230758756743,0.1972230758756743,0.1972230758756743,0.1972230758756743,0.1972230758756743
exponential invocations of qdrift channel,12,0.0465952566866468,0.1250665644256829,,0.1250665644256829,0.1250665644256829,0.1250665644256829,0.1250665644256829,0.1250665644256829
exponential invocations of qdrift channel,12,0.0488025158365443,0.1095215534193507,,0.1095215534193507,0.1095215534193507,0.1095215534193507,0.1095215534193507,0.1095215534193507
exponential invocations of qdrift channel,12,0.0511143348344016,0.1397200301926848,,0.1397200301926848,0.1397200301926848,0.1397200301926848,0.1397200301926848,0.1397200301926848
exponential invocations of qdrift channel,12,0.0535356667741072,0.160826700638657,,0.160826700638657,0.160826700638657,0.160826700638657,0.160826700638657,0.160826700638657
exponential invocations of qdrift channel,12,0.0560716993820545,0.0924265457103854,,0.0924265457103854,0.0924265457103854,0.0924265457103854,0.0924265457103854,0.0924265457103854
exponential invocations of qdrift channel,12,0.0587278661318948,0.0014748025026403,,0.0014748025026403,0.0014748025026403,0.0014748025026403,0.0014748025026403,0.0014748025026403
exponential invocations of qdrift channel,12,0.061509857885805,0.7656575651260191,,0.7656575651260191,0.7656575651260191,0.7656575651260191,0.7656575651260191,0.7656575651260191
exponential invocations of qdrift channel,12,0.0644236350872137,0.1055642470003177,,0.1055642470003177,0.1055642470003177,0.1055642470003177,0.1055642470003177,0.1055642470003177
exponential invocations of qdrift channel,12,0.0674754405311069,0.5987641980492553,,0.5987641980492553,0.5987641980492553,0.5987641980492553,0.5987641980492553,0.5987641980492553
exponential invocations of qdrift channel,12,0.0706718127392749,0.28215175641862,,0.28215175641862,0.28215175641862,0.28215175641862,0.28215175641862,0.28215175641862
exponential invocations of qdrift channel,12,0.0740195999691564,0.2572117292898772,,0.2572117292898772,0.2572117292898772,0.2572117292898772,0.2572117292898772,0.2572117292898772
exponential invocations of qdrift channel,12,0.0775259748862946,0.1297372607978411,,0.1297372607978411,0.1297372607978411,0.1297372607978411,0.1297372607978411,0.1297372607978411
exponential invocations of qdrift channel,12,0.0811984499318401,0.0108634925469139,,0.0108634925469139,0.0108634925469139,0.0108634925469139,0.0108634925469139,0.0108634925469139
exponential invocations of qdrift channel,12,0.0850448934180267,0.0540641257228653,,0.0540641257228653,0.0540641257228653,0.0540641257228653,0.0540641257228653,0.0540641257228653
exponential invocations of qdrift channel,12,0.0890735463861044,0.0813525491018687,,0.0813525491018687,0.0813525491018687,0.0813525491018687,0.0813525491018687,0.0813525491018687
exponential invocations of qdrift channel,12,0.0932930402628468,0.0202395888952984,,0.0202395888952984,0.0202395888952984,0.0202395888952984,0.0202395888952984,0.0202395888952984
exponential invocations of qdrift channel,12,0.0977124153534649,0.3116552799740186,,0.3116552799740186,0.3116552799740186,0.3116552799740186,0.3116552799740186,0.3116552799740186
exponential invocations of qdrift channel,12,0.1023411402105452,0.5827153188235887,,0.5827153188235887,0.5827153188235887,0.5827153188235887,0.5827153188235887,0.5827153188235887
exponential invocations of qdrift channel,12,0.1071891319205127,0.2428720461854285,,0.2428720461854285,0.2428720461854285,0.2428720461854285,0.2428720461854285,0.2428720461854285
exponential invocations of qdrift channel,12,0.1122667773510813,0.1031739278967931,,0.1031739278967931,0.1031739278967931,0.1031739278967931,0.1031739278967931,0.1031739278967931
exponential invocations of qdrift channel,12,0.1175849554052157,0.0303793823190563,,0.0303793823190563,0.0303793823190563,0.0303793823190563,0.0303793823190563,0.0303793823190563
exponential invocations of qdrift channel,12,0.1231550603292826,0.1167228423599051,,0.1167228423599051,0.1167228423599051,0.1167228423599051,0.1167228423599051,0.1167228423599051
exponential invocations of qdrift channel,12,0.1289890261253308,0.4475112127801846,,0.4475112127801846,0.4475112127801846,0.4475112127801846,0.4475112127801846,0.4475112127801846
exponential invocations of qdrift channel,12,0.1350993521198026,0.3227842697303944,,0.3227842697303944,0.3227842697303944,0.3227842697303944,0.3227842697303944,0.3227842697303944
exponential invocations of qdrift channel,12,0.1414991297434576,0.9567934907640656,,0.9567934907640656,0.9567934907640656,0.9567934907640656,0.9567934907640656,0.9567934907640656
exponential invocations of qdrift channel,12,0.1482020705798858,0.8326990035115398,,0.8326990035115398,0.8326990035115398,0.8326990035115398,0.8326990035115398,0.8326990035115398
exponential invocations of qdrift channel,12,0.1552225357427048,0.0115745374269762,,0.0115745374269762,0.0115745374269762,0.0115745374269762,0.0115745374269762,0.0115745374269762
exponential invocations of qdrift channel,12,0.1625755666443795,0.7401993479087987,,0.7401993479087987,0.7401993479087987,0.7401993479087987,0.7401993479087987,0.7401993479087987
exponential invocations of qdrift channel,12,0.1702769172225899,0.4441953635167444,,0.4441953635167444,0.4441953635167444,0.4441953635167444,0.4441953635167444,0.4441953635167444
exponential invocations of qdrift channel,12,0.1783430876931909,1.2968599239094245,,1.2968599239094245,1.2968599239094245,1.2968599239094245,1.2968599239094245,1.2968599239094245
exponential invocations of qdrift channel,12,0.1867913599020783,0.8859469352913225,,0.8859469352913225,0.8859469352913225,0.8859469352913225,0.8859469352913225,0.8859469352913225
exponential invocations of qdrift channel,12,0.1956398343517064,0.851946408823872,,0.851946408823872,0.851946408823872,0.851946408823872,0.851946408823872,0.851946408823872
exponential invocations of qdrift channel,12,0.2049074689815848,0.4482075971153589,,0.4482075971153589,0.4482075971153589,0.4482075971153589,0.4482075971153589,0.4482075971153589
exponential invocations of qdrift channel,12,0.2146141197858403,0.1024674323744201,,0.1024674323744201,0.1024674323744201,0.1024674323744201,0.1024674323744201,0.1024674323744201
exponential invocations of qdrift channel,12,0.2247805833548725,0.8372753064546159,,0.8372753064546159,0.8372753064546159,0.8372753064546159,0.8372753064546159,0.8372753064546159
exponential invocations of qdrift channel,12,0.2354286414322418,0.6509870313101285,,0.6509870313101285,0.6509870313101285,0.6509870313101285,0.6509870313101285,0.6509870313101285
exponential invocations of qdrift channel,12,0.2465811075822604,0.3030271106791415,,0.3030271106791415,0.3030271106791415,0.3030271106791415,0.3030271106791415,0.3030271106791415
exponential invocations of qdrift channel,12,0.2582618760682677,2.291430548746952,,2.291430548746952,2.291430548746952,2.291430548746952,2.291430548746952,2.291430548746952
exponential invocations of qdrift channel,12,0.2704959730463134,0.3763247139024912,,0.3763247139024912,0.3763247139024912,0.3763247139024912,0.3763247139024912,0.3763247139024912
exponential invocations of qdrift channel,12,0.2833096101839324,1.1585139960405582,,1.1585139960405582,1.1585139960405582,1.1585139960405582,1.1585139960405582,1.1585139960405582
exponential invocations of qdrift channel,12,0.2967302408188869,0.0390661143529125,,0.0390661143529125,0.0390661143529125,0.0390661143529125,0.0390661143529125,0.0390661143529125
exponential invocations of qdrift channel,12,0.3107866187782014,0.4693318901174441,,0.4693318901174441,0.4693318901174441,0.4693318901174441,0.4693318901174441,0.4693318901174441
exponential invocations of qdrift channel,12,0.325508859983506,1.9439598814819616,,1.9439598814819616,1.9439598814819616,1.9439598814819616,1.9439598814819616,1.9439598814819616
exponential invocations of qdrift channel,12,0.3409285069746811,3.503969433867294,,3.503969433867294,3.503969433867294,3.503969433867294,3.503969433867294,3.503969433867294
exponential invocations of qdrift channel,12,0.3570785964900462,0.780975419346468,,0.780975419346468,0.780975419346468,0.780975419346468,0.780975419346468,0.780975419346468
exponential invocations of qdrift channel,12,0.3739937302478798,2.0530746821428876,,2.0530746821428876,2.0530746821428876,2.0530746821428876,2.0530746821428876,2.0530746821428876
exponential invocations of qdrift channel,12,0.391710149080926,1.06506995213062,,1.06506995213062,1.06506995213062,1.06506995213062,1.06506995213062,1.06506995213062
exponential invocations of qdrift channel,12,0.4102658105827194,2.587342974541154,,2.587342974541154,2.587342974541154,2.587342974541154,2.587342974541154,2.587342974541154
exponential invocations of qdrift channel,12,0.4297004704320839,1.8686922198775864,,1.8686922198775864,1.8686922198775864,1.8686922198775864,1.8686922198775864,1.8686922198775864
exponential invocations of qdrift channel,12,0.4500557675700497,0.8608077965964376,,0.8608077965964376,0.8608077965964376,0.8608077965964376,0.8608077965964376,0.8608077965964376
exponential invocations of qdrift channel,12,0.4713753134116724,1.9068579081239916,,1.9068579081239916,1.9068579081239916,1.9068579081239916,1.9068579081239916,1.9068579081239916
exponential invocations of qdrift channel,12,0.4937047852839004,1.033643092146792,,1.033643092146792,1.033643092146792,1.033643092146792,1.033643092146792,1.033643092146792
exponential invocations of qdrift channel,12,0.517092024289676,1.5029276287637954,,1.5029276287637954,1.5029276287637954,1.5029276287637954,1.5029276287637954,1.5029276287637954
exponential invocations of qdrift channel,12,0.5415871378079471,1.3162790571224003,,1.3162790571224003,1.3162790571224003,1.3162790571224003,1.3162790571224003,1.3162790571224003
exponential invocations of qdrift channel,12,0.5672426068491978,0.8299128953926971,,0.8299128953926971,0.8299128953926971,0.8299128953926971,0.8299128953926971,0.8299128953926971
exponential invocations of qdrift channel,12,0.5941133984965034,1.2626424316946734,,1.2626424316946734,1.2626424316946734,1.2626424316946734,1.2626424316946734,1.2626424316946734
exponential invocations of qdrift channel,12,0.6222570836730231,1.9327882994339631,,1.9327882994339631,1.9327882994339631,1.9327882994339631,1.9327882994339631,1.9327882994339631
exponential invocations of qdrift channel,12,0.6517339604882427,1.1669978957931413,,1.1669978957931413,1.1669978957931413,1.1669978957931413,1.1669978957931413,1.1669978957931413
exponential invocations of qdrift channel,12,0.6826071834272386,1.247818680796915,,1.247818680796915,1.247818680796915,1.247818680796915,1.247818680796915,1.247818680796915
exponential invocations of qdrift channel,12,0.7149428986597577,1.4338556937194054,,1.4338556937194054,1.4338556937194054,1.4338556937194054,1.4338556937194054,1.4338556937194054
exponential invocations of qdrift channel,12,0.7488103857590023,1.2019495887676277,,1.2019495887676277,1.2019495887676277,1.2019495887676277,1.2019495887676277,1.2019495887676277
exponential invocations of qdrift channel,12,0.7842822061337682,1.2527633133327112,,1.2527633133327112,1.2527633133327112,1.2527633133327112,1.2527633133327112,1.2527633133327112
exponential invocations of qdrift channel,12,0.821434358491943,1.0989360681055165,,1.0989360681055165,1.0989360681055165,1.0989360681055165,1.0989360681055165,1.0989360681055165
exponential invocations of qdrift channel,12,0.8603464416684501,1.0564174073444703,,1.0564174073444703,1.0564174073444703,1.0564174073444703,1.0564174073444703,1.0564174073444703
exponential invocations of qdrift channel,12,0.9011018251665018,5.96082069555522,,5.96082069555522,5.96082069555522,5.96082069555522,5.96082069555522,5.96082069555522
exponential invocations of qdrift channel,12,0.943787827777538,5.693289430234895,,5.693289430234895,5.693289430234895,5.693289430234895,5.693289430234895,5.693289430234895
exponential invocations of qdrift channel,12,0.9884959046625588,5.413519162995144,,5.413519162995144,5.413519162995144,5.413519162995144,5.413519162995144,5.413519162995144
exponential invocations of qdrift channel,12,1.0353218432956626,5.3289650004369165,,5.3289650004369165,5.3289650004369165,5.3289650004369165,5.3289650004369165,5.3289650004369165
exponential invocations of qdrift channel,12,1.0843659686896108,5.216517401631972,,5.216517401631972,5.216517401631972,5.216517401631972,5.216517401631972,5.216517401631972
exponential invocations of qdrift channel,12,1.135733358343105,4.537253900705656,,4.537253900705656,4.537253900705656,4.537253900705656,4.537253900705656,4.537253900705656
exponential invocations of qdrift channel,12,1.1895340673703196,0.1716868586300974,,0.1716868586300974,0.1716868586300974,0.1716868586300974,0.1716868586300974,0.1716868586300974
exponential invocations of qdrift channel,12,1.2458833642950082,4.337928267265917,,4.337928267265917,4.337928267265917,4.337928267265917,4.337928267265917,4.337928267265917
exponential invocations of qdrift channel,12,1.3049019780144029,3.002081884018042,,3.002081884018042,3.002081884018042,3.002081884018042,3.002081884018042,3.002081884018042
exponential invocations of qdrift channel,12,1.3667163564620073,3.359264831786208,,3.359264831786208,3.359264831786208,3.359264831786208,3.359264831786208,3.359264831786208
exponential invocations of qdrift channel,12,1.4314589375234783,3.0874153760892926,,3.0874153760892926,3.0874153760892926,3.0874153760892926,3.0874153760892926,3.0874153760892926
exponential invocations of qdrift channel,12,1.4992684327860455,2.8917280693936096,,2.8917280693936096,2.8917280693936096,2.8917280693936096,2.8917280693936096,2.8917280693936096
exponential invocations of qdrift channel,12,1.5702901247293777,3.0594571214233945,,3.0594571214233945,3.0594571214233945,3.0594571214233945,3.0594571214233945,3.0594571214233945
exponential invocations of qdrift channel,12,1.6446761779946644,2.676903840295376,,2.676903840295376,2.676903840295376,2.676903840295376,2.676903840295376,2.676903840295376
exponential invocations of qdrift channel,12,1.7225859653987874,2.5950890917350624,,2.5950890917350624,2.5950890917350624,2.5950890917350624,2.5950890917350624,2.5950890917350624
exponential invocations of qdrift channel,12,1.804186409392072,2.469424413378497,,2.469424413378497,2.469424413378497,2.469424413378497,2.469424413378497,2.469424413378497
exponential invocations of qdrift channel,12,1.8896523396912095,2.349375279119702,,2.349375279119702,2.349375279119702,2.349375279119702,2.349375279119702,2.349375279119702
exponential invocations of qdrift channel,12,1.9791668678535577,2.19154421550793,,2.19154421550793,2.19154421550793,2.19154421550793,2.19154421550793,2.19154421550793
exponential invocations of qdrift channel,12,2.072921779595372,2.006982948665605,,2.006982948665605,2.006982948665605,2.006982948665605,2.006982948665605,2.006982948665605
exponential invocations of qdrift channel,12,2.171117945694505,1.8398727713761835,,1.8398727713761835,1.8398727713761835,1.8398727713761835,1.8398727713761835,1.8398727713761835
exponential invocations of qdrift channel,12,2.2739657523579275,1.6465138656335576,,1.6465138656335576,1.6465138656335576,1.6465138656335576,1.6465138656335576,1.6465138656335576
exponential invocations of qdrift channel,12,2.381685551976158,1.443137925113381,,1.443137925113381,1.443137925113381,1.443137925113381,1.443137925113381,1.443137925113381
exponential invocations of qdrift channel,12,2.4945081352303164,1.422374908781307,,1.422374908781307,1.422374908781307,1.422374908781307,1.422374908781307,1.422374908781307
exponential invocations of qdrift channel,12,2.612675225563329,1.3640910141331073,,1.3640910141331073,1.3640910141331073,1.3640910141331073,1.3640910141331073,1.3640910141331073
exponential invocations of qdrift channel,12,2.736439997074672,3.578693941142904,,3.578693941142904,3.578693941142904,3.578693941142904,3.578693941142904,3.578693941142904
exponential invocations of qdrift channel,12,2.8660676169482504,3.423491407161042,,3.423491407161042,3.423491407161042,3.423491407161042,3.423491407161042,3.423491407161042
exponential invocations of qdrift channel,12,3.001835813575589,3.0288277065911324,,3.0288277065911324,3.0288277065911324,3.0288277065911324,3.0288277065911324,3.0288277065911324
exponential invocations of qdrift channel,12,3.1440354715915,2.846672289285933,,2.846672289285933,2.846672289285933,2.846672289285933,2.846672289285933,2.846672289285933
exponential invocations of qdrift channel,12,3.2929712550971515,2.6013114925226795,,2.6013114925226795,2.6013114925226795,2.6013114925226795,2.6013114925226795,2.6013114925226795
exponential invocations of qdrift channel,12,3.44896226040576,2.595051903022115,,2.595051903022115,2.595051903022115,2.595051903022115,2.595051903022115,2.595051903022115
exponential invocations of qdrift channel,12,3.6123426997094303,2.48693597111145,,2.48693597111145,2.48693597111145,2.48693597111145,2.48693597111145,2.48693597111145
exponential invocations of qdrift channel,12,3.7834626171319288,2.0807990026857497,,2.0807990026857497,2.0807990026857497,2.0807990026857497,2.0807990026857497,2.0807990026857497
exponential invocations of qdrift channel,12,3.9626886387014784,2.139691195096935,,2.139691195096935,2.139691195096935,2.139691195096935,2.139691195096935,2.139691195096935
exponential invocations of qdrift channel,12,4.150404757850477,2.017940815537545,,2.017940815537545,2.017940815537545,2.017940815537545,2.017940815537545,2.017940815537545
exponential invocations of qdrift channel,12,4.347013158125026,1.8487818237976632,,1.8487818237976632,1.8487818237976632,1.8487818237976632,1.8487818237976632,1.8487818237976632
exponential invocations of qdrift channel,12,4.552935074866948,3.1276143942349903,,3.1276143942349903,3.1276143942349903,3.1276143942349903,3.1276143942349903,3.1276143942349903
exponential invocations of qdrift channel,12,4.768611697714469,2.9652834036745177,,2.9652834036745177,2.9652834036745177,2.9652834036745177,2.9652834036745177,2.9652834036745177
exponential invocations of qdrift channel,12,4.99450511585514,2.6730463582737354,,2.6730463582737354,2.6730463582737354,2.6730463582737354,2.6730463582737354,2.6730463582737354
exponential invocations of qdrift channel,12,5.231099308056264,2.5635956352010707,,2.5635956352010707,2.5635956352010707,2.5635956352010707,2.5635956352010707,2.5635956352010707
exponential invocations of qdrift channel,12,5.478901179593945,2.4439382251992434,,2.4439382251992434,2.4439382251992434,2.4439382251992434,2.4439382251992434,2.4439382251992434
exponential invocations of qdrift channel,12,5.738441648302393,2.2030454329545712,,2.2030454329545712,2.2030454329545712,2.2030454329545712,2.2030454329545712,2.2030454329545712
exponential invocations of qdrift channel,12,6.010276782070382,2.0788719619288436,,2.0788719619288436,2.0788719619288436,2.0788719619288436,2.0788719619288436,2.0788719619288436
exponential invocations of qdrift channel,12,6.294988990221888,2.97112422997732,,2.97112422997732,2.97112422997732,2.97112422997732,2.97112422997732,2.97112422997732
exponential invocations of qdrift channel,12,6.593188271333548,2.7641304852657713,,2.7641304852657713,2.7641304852657713,2.7641304852657713,2.7641304852657713,2.7641304852657713
exponential invocations of qdrift channel,12,6.905513520162331,2.5805757491697427,,2.5805757491697427,2.5805757491697427,2.5805757491697427,2.5805757491697427,2.5805757491697427
exponential invocations of qdrift channel,12,7.232633896483533,2.477049335670188,,2.477049335670188,2.477049335670188,2.477049335670188,2.477049335670188,2.477049335670188
exponential invocations of qdrift channel,12,7.575250258771913,2.2396812440375884,,2.2396812440375884,2.2396812440375884,2.2396812440375884,2.2396812440375884,2.2396812440375884
exponential invocations of qdrift channel,12,7.934096665797492,2.9305297060791116,,2.9305297060791116,2.9305297060791116,2.9305297060791116,2.9305297060791116,2.9305297060791116
exponential invocations of qdrift channel,12,8.309941949353396,2.5001484690097406,,2.5001484690097406,2.5001484690097406,2.5001484690097406,2.5001484690097406,2.5001484690097406
exponential invocations of qdrift channel,12,8.703591361485167,2.5682995700151743,,2.5682995700151743,2.5682995700151743,2.5682995700151743,2.5682995700151743,2.5682995700151743
exponential invocations of qdrift channel,12,9.115888299750829,2.4103065590451735,,2.4103065590451735,2.4103065590451735,2.4103065590451735,2.4103065590451735,2.4103065590451735
exponential invocations of qdrift channel,12,9.547716114208056,2.2450615977939044,,2.2450615977939044,2.2450615977939044,2.2450615977939044,2.2450615977939044,2.2450615977939044
