Num Qubits,Time,Shots,Num Ancilla,Exact Eigenvalue,Expected Phase,Most Probable Bitstring,Estimated Phase,Estimated Eigenvalue,Eigenvalue Error,Alpha,QDRIFT Implementation
2,0.04,1000,5,(2.4+0j),0.015278874536821953,00001,0.03125,4.908738521234052,2.508738521234052,4.4,exponential invocations of qdrift channel
2,0.97,1000,5,(2.4+0j),0.3705127075179323,10101,0.65625,4.250866348285158,1.8508663482851584,4.4,exponential invocations of qdrift channel
2,0.66,1000,5,(2.4+0j),0.25210142985756223,01111,0.46875,4.462489564758228,2.0624895647582284,4.4,exponential invocations of qdrift channel
2,0.35000000000000003,1000,5,(2.4+0j),0.1336901521971921,00111,0.21875,3.926990816987241,1.526990816987241,4.4,exponential invocations of qdrift channel
2,0.0001,1000,5,(2.4+0j),3.8197186342054885e-05,00000,0.0,0.0,2.4,4.4,exponential invocations of qdrift channel
2,0.05,1000,5,(2.4+0j),0.01909859317102744,00001,0.03125,3.9269908169872414,1.5269908169872415,4.4,exponential invocations of qdrift channel
2,0.0002,1000,5,(2.4+0j),7.639437268410977e-05,00000,0.0,0.0,2.4,4.4,exponential invocations of qdrift channel
2,0.67,1000,5,(2.4+0j),0.2559211484917677,01111,0.46875,4.395885242896165,1.9958852428961653,4.4,exponential invocations of qdrift channel
2,0.36,1000,5,(2.4+0j),0.13750987083139757,01001,0.28125,4.908738521234052,2.508738521234052,4.4,exponential invocations of qdrift channel
2,0.98,1000,5,(2.4+0j),0.3743324261521378,10101,0.65625,4.207490161057759,1.8074901610577592,4.4,exponential invocations of qdrift channel
2,0.68,1000,5,(2.4+0j),0.2597408671259732,10000,0.5,4.6199891964555775,2.2199891964555776,4.4,exponential invocations of qdrift channel
2,0.06,1000,5,(2.4+0j),0.02291831180523293,00001,0.03125,3.272492347489368,0.8724923474893682,4.4,exponential invocations of qdrift channel
2,0.37,1000,5,(2.4+0j),0.14132958946560306,01000,0.25,4.245395477824045,1.8453954778240447,4.4,exponential invocations of qdrift channel
2,0.0004,1000,5,(2.4+0j),0.00015278874536821954,00000,0.0,0.0,2.4,4.4,exponential invocations of qdrift channel
2,0.99,1000,5,(2.4+0j),0.3781521447863433,10101,0.65625,4.164990260441014,1.7649902604410141,4.4,exponential invocations of qdrift channel
2,0.6900000000000001,1000,5,(2.4+0j),0.2635605857601787,10000,0.5,4.5530328312895545,2.1530328312895546,4.4,exponential invocations of qdrift channel
2,0.07,1000,5,(2.4+0j),0.02673803043943842,00001,0.03125,2.804993440705172,0.40499344070517207,4.4,exponential invocations of qdrift channel
2,0.0006,1000,5,(2.4+0j),0.00022918311805232927,00000,0.0,0.0,2.4,4.4,exponential invocations of qdrift channel
2,0.38,1000,5,(2.4+0j),0.14514930809980853,01011,0.34375,5.683802498271007,3.283802498271007,4.4,exponential invocations of qdrift channel
2,0.39,1000,5,(2.4+0j),0.14896902673401402,01010,0.3125,5.034603611522104,2.634603611522104,4.4,exponential invocations of qdrift channel
2,0.7000000000000001,1000,5,(2.4+0j),0.2673803043943842,10000,0.5,4.487989505128276,2.087989505128276,4.4,exponential invocations of qdrift channel
2,0.08,1000,5,(2.4+0j),0.030557749073643906,00001,0.03125,2.454369260617026,0.05436926061702607,4.4,exponential invocations of qdrift channel
2,0.0008,1000,5,(2.4+0j),0.0003055774907364391,00000,0.0,0.0,2.4,4.4,exponential invocations of qdrift channel
2,0.71,1000,5,(2.4+0j),0.27120002302858964,10000,0.5,4.424778385337737,2.024778385337737,4.4,exponential invocations of qdrift channel
2,0.09,1000,5,(2.4+0j),0.03437746770784939,00001,0.03125,2.181661564992912,0.21833843500708783,4.4,exponential invocations of qdrift channel
2,0.001,1000,5,(2.4+0j),0.0003819718634205488,00000,0.0,0.0,2.4,4.4,exponential invocations of qdrift channel
2,0.4,1000,5,(2.4+0j),0.15278874536821951,01001,0.28125,4.417864669110647,2.0178646691106468,4.4,exponential invocations of qdrift channel
2,0.72,1000,5,(2.4+0j),0.27501974166279514,10000,0.5,4.363323129985824,1.9633231299858243,4.4,exponential invocations of qdrift channel
2,0.1,1000,5,(2.4+0j),0.03819718634205488,00001,0.03125,1.9634954084936207,0.4365045915063792,4.4,exponential invocations of qdrift channel
2,0.002,1000,5,(2.4+0j),0.0007639437268410976,00000,0.0,0.0,2.4,4.4,exponential invocations of qdrift channel
2,0.41000000000000003,1000,5,(2.4+0j),0.156608464002425,01010,0.3125,4.789013191447855,2.3890131914478547,4.4,exponential invocations of qdrift channel
2,0.73,1000,5,(2.4+0j),0.27883946029700063,10000,0.5,4.303551580259991,1.903551580259991,4.4,exponential invocations of qdrift channel
2,0.11,1000,5,(2.4+0j),0.04201690497626037,00001,0.03125,1.7849958259032916,0.6150041740967083,4.4,exponential invocations of qdrift channel
2,0.42,1000,5,(2.4+0j),0.1604281826366305,01001,0.28125,4.207490161057759,1.8074901610577592,4.4,exponential invocations of qdrift channel
2,0.003,1000,5,(2.4+0j),0.0011459155902616464,00000,0.0,0.0,2.4,4.4,exponential invocations of qdrift channel
2,0.74,1000,5,(2.4+0j),0.2826591789312061,10000,0.5,4.245395477824045,1.8453954778240447,4.4,exponential invocations of qdrift channel
2,0.12,1000,5,(2.4+0j),0.04583662361046586,00010,0.0625,3.272492347489368,0.8724923474893682,4.4,exponential invocations of qdrift channel
2,0.008,1000,5,(2.4+0j),0.0030557749073643905,00000,0.0,0.0,2.4,4.4,exponential invocations of qdrift channel
2,0.43,1000,5,(2.4+0j),0.164247901270836,01101,0.40625,5.936148909399319,3.536148909399319,4.4,exponential invocations of qdrift channel
2,0.75,1000,5,(2.4+0j),0.28647889756541156,10000,0.5,4.1887902047863905,1.7887902047863906,4.4,exponential invocations of qdrift channel
2,0.013,1000,5,(2.4+0j),0.004965634224467134,00000,0.0,0.0,2.4,4.4,exponential invocations of qdrift channel
2,0.13,1000,5,(2.4+0j),0.049656342244671345,00010,0.0625,3.0207621669132627,0.6207621669132628,4.4,exponential invocations of qdrift channel
2,0.44,1000,5,(2.4+0j),0.1680676199050415,01100,0.375,5.354987477709875,2.954987477709875,4.4,exponential invocations of qdrift channel
2,0.76,1000,5,(2.4+0j),0.29029861619961705,10001,0.53125,4.392029203209415,1.9920292032094147,4.4,exponential invocations of qdrift channel
2,0.018000000000000002,1000,5,(2.4+0j),0.006875493541569879,00000,0.0,0.0,2.4,4.4,exponential invocations of qdrift channel
2,0.45,1000,5,(2.4+0j),0.17188733853924698,01101,0.40625,5.672320068981572,3.2723200689815717,4.4,exponential invocations of qdrift channel
2,0.14,1000,5,(2.4+0j),0.05347606087887684,00010,0.0625,2.804993440705172,0.40499344070517207,4.4,exponential invocations of qdrift channel
2,0.77,1000,5,(2.4+0j),0.29411833483382255,10001,0.53125,4.334989862907994,1.9349898629079942,4.4,exponential invocations of qdrift channel
2,0.023,1000,5,(2.4+0j),0.008785352858672622,00000,0.0,0.0,2.4,4.4,exponential invocations of qdrift channel
2,0.15,1000,5,(2.4+0j),0.05729577951308232,00010,0.0625,2.6179938779914944,0.2179938779914945,4.4,exponential invocations of qdrift channel
2,0.46,1000,5,(2.4+0j),0.17570705717345247,01011,0.34375,4.695315107267353,2.295315107267353,4.4,exponential invocations of qdrift channel
2,0.16,1000,5,(2.4+0j),0.06111549814728781,00011,0.09375,3.6815538909255388,1.2815538909255388,4.4,exponential invocations of qdrift channel
2,0.78,1000,5,(2.4+0j),0.29793805346802804,10001,0.53125,4.279413069793788,1.8794130697937885,4.4,exponential invocations of qdrift channel
2,0.47000000000000003,1000,5,(2.4+0j),0.17952677580765797,01011,0.34375,4.595414785836133,2.195414785836133,4.4,exponential invocations of qdrift channel
2,0.028000000000000004,1000,5,(2.4+0j),0.010695212175775369,00000,0.0,0.0,2.4,4.4,exponential invocations of qdrift channel
2,0.033,1000,5,(2.4+0j),0.012605071492878112,00000,0.0,0.0,2.4,4.4,exponential invocations of qdrift channel
2,0.17,1000,5,(2.4+0j),0.0649352167814933,00011,0.09375,3.464991897341683,1.0649918973416832,4.4,exponential invocations of qdrift channel
2,0.79,1000,5,(2.4+0j),0.30175777210223353,10001,0.53125,4.225243284100197,1.8252432841001967,4.4,exponential invocations of qdrift channel
2,0.48,1000,5,(2.4+0j),0.18334649444186343,01100,0.375,4.908738521234052,2.508738521234052,4.4,exponential invocations of qdrift channel
2,0.038000000000000006,1000,5,(2.4+0j),0.014514930809980857,00000,0.0,0.0,2.4,4.4,exponential invocations of qdrift channel
2,0.18,1000,5,(2.4+0j),0.06875493541569878,00010,0.0625,2.181661564992912,0.21833843500708783,4.4,exponential invocations of qdrift channel
2,0.49,1000,5,(2.4+0j),0.1871662130760689,01100,0.375,4.80856018406601,2.4085601840660105,4.4,exponential invocations of qdrift channel
2,0.8,1000,5,(2.4+0j),0.30557749073643903,10001,0.53125,4.172427743048944,1.7724277430489441,4.4,exponential invocations of qdrift channel
2,0.19,1000,5,(2.4+0j),0.07257465404990426,00001,0.03125,1.033418636049274,1.3665813639507258,4.4,exponential invocations of qdrift channel
2,0.5,1000,5,(2.4+0j),0.1909859317102744,01101,0.40625,5.105088062083414,2.7050880620834143,4.4,exponential invocations of qdrift channel
2,0.043000000000000003,1000,5,(2.4+0j),0.0164247901270836,00001,0.03125,4.566268391845629,2.166268391845629,4.4,exponential invocations of qdrift channel
2,0.81,1000,5,(2.4+0j),0.3093972093706445,10001,0.53125,4.120916289431055,1.7209162894310555,4.4,exponential invocations of qdrift channel
2,0.2,1000,5,(2.4+0j),0.07639437268410976,00011,0.09375,2.945243112740431,0.5452431127404309,4.4,exponential invocations of qdrift channel
2,0.8200000000000001,1000,5,(2.4+0j),0.31321692800485,10001,0.53125,4.070661212730677,1.670661212730677,4.4,exponential invocations of qdrift channel
2,0.51,1000,5,(2.4+0j),0.19480565034447989,01100,0.375,4.619989196455578,2.2199891964555785,4.4,exponential invocations of qdrift channel
2,0.048,1000,5,(2.4+0j),0.018334649444186342,00001,0.03125,4.09061543436171,1.69061543436171,4.4,exponential invocations of qdrift channel
2,0.21,1000,5,(2.4+0j),0.08021409131831525,00010,0.0625,1.8699956271367817,0.5300043728632182,4.4,exponential invocations of qdrift channel
2,0.8300000000000001,1000,5,(2.4+0j),0.3170366466390555,10010,0.5625,4.258182813600623,1.858182813600623,4.4,exponential invocations of qdrift channel
2,0.053000000000000005,1000,5,(2.4+0j),0.02024450876128909,00001,0.03125,3.7047083179124916,1.3047083179124916,4.4,exponential invocations of qdrift channel
2,0.52,1000,5,(2.4+0j),0.19862536897868538,01110,0.4375,5.286333792098209,2.8863337920982093,4.4,exponential invocations of qdrift channel
2,0.22,1000,5,(2.4+0j),0.08403380995252074,00010,0.0625,1.7849958259032916,0.6150041740967083,4.4,exponential invocations of qdrift channel
2,0.84,1000,5,(2.4+0j),0.320856365273261,10010,0.5625,4.207490161057759,1.8074901610577592,4.4,exponential invocations of qdrift channel
2,0.53,1000,5,(2.4+0j),0.20244508761289087,01100,0.375,4.44564998149499,2.0456499814949898,4.4,exponential invocations of qdrift channel
2,0.058,1000,5,(2.4+0j),0.02215436807839183,00001,0.03125,3.3853369111958975,0.9853369111958976,4.4,exponential invocations of qdrift channel
2,0.23,1000,5,(2.4+0j),0.08785352858672624,00100,0.125,3.4147746234671663,1.0147746234671664,4.4,exponential invocations of qdrift channel
2,0.54,1000,5,(2.4+0j),0.20626480624709637,01101,0.40625,4.726933390817976,2.326933390817976,4.4,exponential invocations of qdrift channel
2,0.85,1000,5,(2.4+0j),0.3246760839074665,10010,0.5625,4.15799027681002,1.7579902768100202,4.4,exponential invocations of qdrift channel
2,0.063,1000,5,(2.4+0j),0.024064227395494575,00001,0.03125,3.1166593785613026,0.7166593785613027,4.4,exponential invocations of qdrift channel
2,0.24,1000,5,(2.4+0j),0.09167324722093172,00101,0.15625,4.09061543436171,1.69061543436171,4.4,exponential invocations of qdrift channel
2,0.86,1000,5,(2.4+0j),0.328495802541672,10010,0.5625,4.109641552661067,1.709641552661067,4.4,exponential invocations of qdrift channel
2,0.55,1000,5,(2.4+0j),0.21008452488130186,01110,0.4375,4.997988312529216,2.5979883125292162,4.4,exponential invocations of qdrift channel
2,0.068,1000,5,(2.4+0j),0.025974086712597322,00001,0.03125,2.887493247784736,0.487493247784736,4.4,exponential invocations of qdrift channel
2,0.25,1000,5,(2.4+0j),0.0954929658551372,00101,0.15625,3.9269908169872414,1.5269908169872415,4.4,exponential invocations of qdrift channel
2,0.87,1000,5,(2.4+0j),0.3323155211758775,10010,0.5625,4.062404293435077,1.6624042934350771,4.4,exponential invocations of qdrift channel
2,0.56,1000,5,(2.4+0j),0.21390424351550735,01101,0.40625,4.558114341145905,2.158114341145905,4.4,exponential invocations of qdrift channel
2,0.07300000000000001,1000,5,(2.4+0j),0.02788394602970007,00001,0.03125,2.689719737662494,0.28971973766249404,4.4,exponential invocations of qdrift channel
2,0.88,1000,5,(2.4+0j),0.336135239810083,10100,0.625,4.462489564758229,2.0624895647582293,4.4,exponential invocations of qdrift channel
2,0.26,1000,5,(2.4+0j),0.09931268448934269,00011,0.09375,2.265571625184947,0.134428374815053,4.4,exponential invocations of qdrift channel
2,0.5700000000000001,1000,5,(2.4+0j),0.21772396214971285,01110,0.4375,4.822620301563278,2.422620301563278,4.4,exponential invocations of qdrift channel
2,0.078,1000,5,(2.4+0j),0.02979380534680281,00001,0.03125,2.5173018057610523,0.11730180576105242,4.4,exponential invocations of qdrift channel
2,0.02,1000,10,(2.4+0j),0.007639437268410976,0000001000,0.0078125,2.454369260617026,0.05436926061702607,4.4,exponential invocations of qdrift channel
2,0.27,1000,5,(2.4+0j),0.10313240312354818,00101,0.15625,3.6361026083215195,1.2361026083215196,4.4,exponential invocations of qdrift channel
2,0.89,1000,5,(2.4+0j),0.33995495844428847,10010,0.5625,3.9711143093129406,1.5711143093129407,4.4,exponential invocations of qdrift channel
2,0.58,1000,5,(2.4+0j),0.2215436807839183,01110,0.4375,4.739471675674257,2.339471675674257,4.4,exponential invocations of qdrift channel
2,0.083,1000,5,(2.4+0j),0.031703664663905555,00001,0.03125,2.365657118667013,0.03434288133298713,4.4,exponential invocations of qdrift channel
2,0.9,1000,5,(2.4+0j),0.34377467707849396,10011,0.59375,4.145156973486532,1.7451569734865324,4.4,exponential invocations of qdrift channel
2,0.59,1000,5,(2.4+0j),0.2253633994181238,01110,0.4375,4.659141647272999,2.259141647272999,4.4,exponential invocations of qdrift channel
2,0.28,1000,5,(2.4+0j),0.10695212175775368,00101,0.15625,3.5062418008814653,1.1062418008814654,4.4,exponential invocations of qdrift channel
2,0.08800000000000001,1000,5,(2.4+0j),0.0336135239810083,00001,0.03125,2.231244782379114,0.16875521762088574,4.4,exponential invocations of qdrift channel
2,0.91,1000,5,(2.4+0j),0.34759439571269946,10010,0.5625,3.8838370717456234,1.4838370717456235,4.4,exponential invocations of qdrift channel
2,0.29,1000,5,(2.4+0j),0.11077184039195916,00110,0.1875,4.062404293435078,1.662404293435078,4.4,exponential invocations of qdrift channel
2,0.6,1000,5,(2.4+0j),0.22918311805232927,01111,0.46875,4.908738521234052,2.508738521234052,4.4,exponential invocations of qdrift channel
2,0.093,1000,5,(2.4+0j),0.035523383298111035,00001,0.03125,2.1112853854770117,0.2887146145229882,4.4,exponential invocations of qdrift channel
2,0.0001,1000,10,(2.4+0j),3.8197186342054885e-05,0000000000,0.0,0.0,2.4,4.4,exponential invocations of qdrift channel
2,0.3,1000,5,(2.4+0j),0.11459155902616464,00100,0.125,2.6179938779914944,0.2179938779914945,4.4,exponential invocations of qdrift channel
2,0.92,1000,5,(2.4+0j),0.35141411434690495,10010,0.5625,3.841621451400562,1.4416214514005623,4.4,exponential invocations of qdrift channel
2,0.098,1000,5,(2.4+0j),0.03743324261521378,00001,0.03125,2.0035667433608375,0.3964332566391624,4.4,exponential invocations of qdrift channel
2,0.61,1000,5,(2.4+0j),0.23300283668653476,01111,0.46875,4.828267397935132,2.4282673979351324,4.4,exponential invocations of qdrift channel
2,0.93,1000,5,(2.4+0j),0.35523383298111044,10100,0.625,4.222570770954023,1.8225707709540226,4.4,exponential invocations of qdrift channel
2,0.31,1000,5,(2.4+0j),0.11841127766037013,00011,0.09375,1.9001568469293104,0.4998431530706895,4.4,exponential invocations of qdrift channel
2,0.01,1000,5,(2.4+0j),0.003819718634205488,00000,0.0,0.0,2.4,4.4,exponential invocations of qdrift channel
2,0.62,1000,5,(2.4+0j),0.23682255532074026,01111,0.46875,4.750392117323275,2.3503921173232754,4.4,exponential invocations of qdrift channel
2,0.9400000000000001,1000,5,(2.4+0j),0.35905355161531594,10011,0.59375,3.9687673150402967,1.5687673150402968,4.4,exponential invocations of qdrift channel
2,0.32,1000,5,(2.4+0j),0.12223099629457562,00111,0.21875,4.295146206079795,1.895146206079795,4.4,exponential invocations of qdrift channel
2,0.02,1000,5,(2.4+0j),0.007639437268410976,00000,0.0,0.0,2.4,4.4,exponential invocations of qdrift channel
2,0.63,1000,5,(2.4+0j),0.24064227395494575,01111,0.46875,4.6749890678419534,2.2749890678419535,4.4,exponential invocations of qdrift channel
2,0.9500000000000001,1000,5,(2.4+0j),0.36287327024952143,10100,0.625,4.133674544197096,1.7336745441970964,4.4,exponential invocations of qdrift channel
2,0.33,1000,5,(2.4+0j),0.12605071492878112,00110,0.1875,3.569991651806583,1.169991651806583,4.4,exponential invocations of qdrift channel
2,0.03,1000,5,(2.4+0j),0.011459155902616465,00000,0.0,0.0,2.4,4.4,exponential invocations of qdrift channel
2,0.64,1000,5,(2.4+0j),0.24446199258915124,01111,0.46875,4.601942363656923,2.2019423636569235,4.4,exponential invocations of qdrift channel
2,0.96,1000,5,(2.4+0j),0.36669298888372687,10011,0.59375,3.8860846626436243,1.4860846626436244,4.4,exponential invocations of qdrift channel
2,0.34,1000,5,(2.4+0j),0.1298704335629866,01000,0.25,4.6199891964555775,2.2199891964555776,4.4,exponential invocations of qdrift channel
2,0.65,1000,5,(2.4+0j),0.24828171122335674,01111,0.46875,4.531143250369894,2.131143250369894,4.4,exponential invocations of qdrift channel
2,0.03,1000,10,(2.4+0j),0.011459155902616465,0000001100,0.01171875,2.454369260617026,0.05436926061702607,4.4,exponential invocations of qdrift channel
2,0.0002,1000,10,(2.4+0j),7.639437268410977e-05,0000000000,0.0,0.0,2.4,4.4,exponential invocations of qdrift channel
2,0.33,1000,10,(2.4+0j),0.12605071492878112,0010100110,0.162109375,3.0865552822911084,0.6865552822911085,4.4,exponential invocations of qdrift channel
2,0.79,1000,10,(2.4+0j),0.30175777210223353,1000101000,0.5390625,4.287379214748729,1.8873792147487287,4.4,exponential invocations of qdrift channel
2,0.04,1000,10,(2.4+0j),0.015278874536821953,0000010000,0.015625,2.454369260617026,0.05436926061702607,4.4,exponential invocations of qdrift channel
2,0.0004,1000,10,(2.4+0j),0.00015278874536821954,0000000000,0.0,0.0,2.4,4.4,exponential invocations of qdrift channel
2,0.34,1000,10,(2.4+0j),0.1298704335629866,0100011110,0.279296875,5.161394180415216,2.761394180415216,4.4,exponential invocations of qdrift channel
2,0.8,1000,10,(2.4+0j),0.30557749073643903,1000100000,0.53125,4.172427743048944,1.7724277430489441,4.4,exponential invocations of qdrift channel
2,0.05,1000,10,(2.4+0j),0.01909859317102744,0000010011,0.0185546875,2.331650797586174,0.0683492024138257,4.4,exponential invocations of qdrift channel
2,0.0006,1000,10,(2.4+0j),0.00022918311805232927,0000000000,0.0,0.0,2.4,4.4,exponential invocations of qdrift channel
2,0.35000000000000003,1000,10,(2.4+0j),0.1336901521971921,0011010010,0.205078125,3.6815538909255388,1.2815538909255388,4.4,exponential invocations of qdrift channel
2,0.81,1000,10,(2.4+0j),0.3093972093706445,1000100101,0.5361328125,4.158792358267738,1.7587923582677383,4.4,exponential invocations of qdrift channel
2,0.06,1000,10,(2.4+0j),0.02291831180523293,0000010110,0.021484375,2.2498384888989404,0.15016151110105946,4.4,exponential invocations of qdrift channel
2,0.0008,1000,10,(2.4+0j),0.0003055774907364391,0000000000,0.0,0.0,2.4,4.4,exponential invocations of qdrift channel
2,0.36,1000,10,(2.4+0j),0.13750987083139757,0100011011,0.2763671875,4.823517366351517,2.423517366351517,4.4,exponential invocations of qdrift channel
2,0.8200000000000001,1000,10,(2.4+0j),0.31321692800485,1000110011,0.5498046875,4.212835041851785,1.8128350418517853,4.4,exponential invocations of qdrift channel
2,0.07,1000,10,(2.4+0j),0.02673803043943842,0000011101,0.0283203125,2.5420253056390623,0.14202530563906235,4.4,exponential invocations of qdrift channel
2,0.001,1000,10,(2.4+0j),0.0003819718634205488,0000000000,0.0,0.0,2.4,4.4,exponential invocations of qdrift channel
2,0.37,1000,10,(2.4+0j),0.14132958946560306,0010111001,0.1806640625,3.067961575771282,0.6679615757712822,4.4,exponential invocations of qdrift channel
2,0.8300000000000001,1000,10,(2.4+0j),0.3170366466390555,1001001010,0.572265625,4.332109598558967,1.932109598558967,4.4,exponential invocations of qdrift channel
2,0.07300000000000001,1000,12,(2.4+0j),0.02788394602970007,000001111000,0.029296875,2.5216122540585877,0.12161225405858778,4.4,exponential invocations of qdrift channel
2,0.34,1000,12,(2.4+0j),0.1298704335629866,001011110001,0.183837890625,3.3973162743467284,0.9973162743467285,4.4,exponential invocations of qdrift channel
2,0.08,1000,10,(2.4+0j),0.030557749073643906,0000011110,0.029296875,2.3009711818284617,0.09902881817153819,4.4,exponential invocations of qdrift channel
2,0.002,1000,10,(2.4+0j),0.0007639437268410976,0000000001,0.0009765625,3.067961575771282,0.6679615757712822,4.4,exponential invocations of qdrift channel
2,0.38,1000,10,(2.4+0j),0.14514930809980853,0100110001,0.2978515625,4.9248856874223215,2.5248856874223216,4.4,exponential invocations of qdrift channel
2,0.84,1000,10,(2.4+0j),0.320856365273261,1000110011,0.5498046875,4.112529445617219,1.712529445617219,4.4,exponential invocations of qdrift channel
2,0.09,1000,10,(2.4+0j),0.03437746770784939,0000100000,0.03125,2.181661564992912,0.21833843500708783,4.4,exponential invocations of qdrift channel
2,0.003,1000,10,(2.4+0j),0.0011459155902616464,0000000001,0.0009765625,2.045307717180855,0.354692282819145,4.4,exponential invocations of qdrift channel
2,0.39,1000,10,(2.4+0j),0.14896902673401402,0100101100,0.29296875,4.7199408858019725,2.3199408858019726,4.4,exponential invocations of qdrift channel
2,0.85,1000,10,(2.4+0j),0.3246760839074665,1001000111,0.5693359375,4.208521408646253,1.808521408646253,4.4,exponential invocations of qdrift channel
2,0.1,1000,10,(2.4+0j),0.03819718634205488,0000110001,0.0478515625,3.0066023442558563,0.6066023442558564,4.4,exponential invocations of qdrift channel
2,0.008,1000,10,(2.4+0j),0.0030557749073643905,0000000011,0.0029296875,2.3009711818284617,0.09902881817153819,4.4,exponential invocations of qdrift channel
2,0.4,1000,10,(2.4+0j),0.15278874536821951,0111100101,0.4736328125,7.439806821245359,5.039806821245358,4.4,exponential invocations of qdrift channel
2,0.86,1000,10,(2.4+0j),0.328495802541672,1001010110,0.583984375,4.2666070286307605,1.8666070286307606,4.4,exponential invocations of qdrift channel
2,0.11,1000,10,(2.4+0j),0.04201690497626037,0000110010,0.048828125,2.7890559779738933,0.38905597797389335,4.4,exponential invocations of qdrift channel
2,0.013,1000,10,(2.4+0j),0.004965634224467134,0000000101,0.0048828125,2.3599704429009867,0.040029557099013235,4.4,exponential invocations of qdrift channel
2,0.41000000000000003,1000,10,(2.4+0j),0.156608464002425,0100001100,0.26171875,4.010798547837578,1.6107985478375784,4.4,exponential invocations of qdrift channel
2,0.87,1000,10,(2.4+0j),0.3323155211758775,1000001101,0.5126953125,3.7027122466205133,1.3027122466205134,4.4,exponential invocations of qdrift channel
2,0.12,1000,10,(2.4+0j),0.04583662361046586,0001001110,0.076171875,3.9883500485026673,1.5883500485026674,4.4,exponential invocations of qdrift channel
2,0.018000000000000002,1000,10,(2.4+0j),0.006875493541569879,0000000111,0.0068359375,2.386192336710997,0.013807663289002736,4.4,exponential invocations of qdrift channel
2,0.42,1000,10,(2.4+0j),0.1604281826366305,0100111101,0.3095703125,4.631161045330936,2.231161045330936,4.4,exponential invocations of qdrift channel
2,0.88,1000,10,(2.4+0j),0.336135239810083,1001001000,0.5703125,4.072021727841884,1.672021727841884,4.4,exponential invocations of qdrift channel
2,0.078,1000,12,(2.4+0j),0.02979380534680281,000010001100,0.0341796875,2.753298850051151,0.3532988500511509,4.4,exponential invocations of qdrift channel
2,0.35000000000000003,1000,12,(2.4+0j),0.1336901521971921,010010101110,0.29248046875,5.250597096819995,2.8505970968199947,4.4,exponential invocations of qdrift channel
2,0.13,1000,10,(2.4+0j),0.049656342244671345,0000111000,0.0546875,2.6431668960491046,0.24316689604910469,4.4,exponential invocations of qdrift channel
2,0.023,1000,10,(2.4+0j),0.008785352858672622,0000001000,0.0078125,2.134234139666979,0.26576586033302085,4.4,exponential invocations of qdrift channel
2,0.43,1000,10,(2.4+0j),0.164247901270836,0101110100,0.36328125,5.308287005520544,2.908287005520544,4.4,exponential invocations of qdrift channel
2,0.89,1000,10,(2.4+0j),0.33995495844428847,1001011100,0.58984375,4.164154588237875,1.7641545882378753,4.4,exponential invocations of qdrift channel
2,0.14,1000,10,(2.4+0j),0.05347606087887684,0001011000,0.0859375,3.8568659809696113,1.4568659809696114,4.4,exponential invocations of qdrift channel
2,0.028000000000000004,1000,10,(2.4+0j),0.010695212175775369,0000001011,0.0107421875,2.410541238106007,0.010541238106007267,4.4,exponential invocations of qdrift channel
2,0.44,1000,10,(2.4+0j),0.1680676199050415,0101001011,0.3232421875,4.615887643546793,2.2158876435467927,4.4,exponential invocations of qdrift channel
2,0.9,1000,10,(2.4+0j),0.34377467707849396,1001011011,0.5888671875,4.111068511533518,1.7110685115335182,4.4,exponential invocations of qdrift channel
2,0.15,1000,10,(2.4+0j),0.05729577951308232,0010100001,0.1572265625,6.585890849322353,4.1858908493223534,4.4,exponential invocations of qdrift channel
2,0.033,1000,10,(2.4+0j),0.012605071492878112,0000001101,0.0126953125,2.417181847577374,0.017181847577373954,4.4,exponential invocations of qdrift channel
2,0.45,1000,10,(2.4+0j),0.17188733853924698,1001101001,0.6025390625,8.413032410003916,6.013032410003916,4.4,exponential invocations of qdrift channel
2,0.91,1000,10,(2.4+0j),0.34759439571269946,1001011110,0.591796875,4.086120252565707,1.6861202525657073,4.4,exponential invocations of qdrift channel
2,0.16,1000,10,(2.4+0j),0.06111549814728781,0010001101,0.1376953125,5.4072822772968845,3.0072822772968846,4.4,exponential invocations of qdrift channel
2,0.038000000000000006,1000,10,(2.4+0j),0.014514930809980857,0000010000,0.015625,2.5835465901231847,0.18354659012318475,4.4,exponential invocations of qdrift channel
2,0.46,1000,10,(2.4+0j),0.17570705717345247,0101000011,0.3154296875,4.308485169452713,1.9084851694527134,4.4,exponential invocations of qdrift channel
2,0.92,1000,10,(2.4+0j),0.35141411434690495,1010010100,0.64453125,4.401857913063144,2.001857913063144,4.4,exponential invocations of qdrift channel
2,0.17,1000,10,(2.4+0j),0.0649352167814933,0001000000,0.0625,2.3099945982277887,0.09000540177221117,4.4,exponential invocations of qdrift channel
2,0.043000000000000003,1000,10,(2.4+0j),0.0164247901270836,0000010001,0.0166015625,2.4258300831679906,0.025830083167990736,4.4,exponential invocations of qdrift channel
2,0.47000000000000003,1000,10,(2.4+0j),0.17952677580765797,0100110010,0.298828125,3.994877626323457,1.594877626323457,4.4,exponential invocations of qdrift channel
2,0.93,1000,10,(2.4+0j),0.35523383298111044,1001100001,0.5947265625,4.0180399992359375,1.6180399992359376,4.4,exponential invocations of qdrift channel
2,0.18,1000,10,(2.4+0j),0.06875493541569878,0001000101,0.0673828125,2.3521038747579834,0.047896125242016474,4.4,exponential invocations of qdrift channel
2,0.048,1000,10,(2.4+0j),0.018334649444186342,0000010010,0.017578125,2.3009711818284617,0.09902881817153819,4.4,exponential invocations of qdrift channel
2,0.48,1000,10,(2.4+0j),0.18334649444186343,0110110001,0.4228515625,5.535114009620689,3.1351140096206893,4.4,exponential invocations of qdrift channel
2,0.083,1000,12,(2.4+0j),0.031703664663905555,000010000011,0.031982421875,2.421102207385771,0.021102207385771177,4.4,exponential invocations of qdrift channel
2,0.9400000000000001,1000,10,(2.4+0j),0.35905355161531594,1010011001,0.6494140625,4.340839250825325,1.940839250825325,4.4,exponential invocations of qdrift channel
2,0.36,1000,12,(2.4+0j),0.13750987083139757,010100111101,0.327392578125,5.714078434874014,3.314078434874014,4.4,exponential invocations of qdrift channel
2,0.19,1000,10,(2.4+0j),0.07257465404990426,0001010001,0.0791015625,2.615840922499725,0.21584092249972509,4.4,exponential invocations of qdrift channel
2,0.053000000000000005,1000,10,(2.4+0j),0.02024450876128909,0000010110,0.021484375,2.5469869685648376,0.14698696856483773,4.4,exponential invocations of qdrift channel
2,0.49,1000,10,(2.4+0j),0.1871662130760689,0110110011,0.4248046875,5.447197083512277,3.0471970835122772,4.4,exponential invocations of qdrift channel
2,0.9500000000000001,1000,10,(2.4+0j),0.36287327024952143,1001010001,0.5791015625,3.8301078198576217,1.4301078198576218,4.4,exponential invocations of qdrift channel
2,0.2,1000,10,(2.4+0j),0.07639437268410976,0001100100,0.09765625,3.067961575771282,0.6679615757712822,4.4,exponential invocations of qdrift channel
2,0.058,1000,10,(2.4+0j),0.02215436807839183,0000010011,0.0185546875,2.010043791022564,0.389956208977436,4.4,exponential invocations of qdrift channel
2,0.5,1000,10,(2.4+0j),0.1909859317102744,0110011111,0.4052734375,5.092816215780329,2.692816215780329,4.4,exponential invocations of qdrift channel
2,0.96,1000,10,(2.4+0j),0.36669298888372687,1010110011,0.6748046875,4.416586351787409,2.0165863517874087,4.4,exponential invocations of qdrift channel
2,0.21,1000,10,(2.4+0j),0.08021409131831525,0001000000,0.0625,1.8699956271367817,0.5300043728632182,4.4,exponential invocations of qdrift channel
2,0.063,1000,10,(2.4+0j),0.024064227395494575,0000010101,0.0205078125,2.045307717180855,0.354692282819145,4.4,exponential invocations of qdrift channel
2,0.51,1000,10,(2.4+0j),0.19480565034447989,0110011111,0.4052734375,4.99295707429444,2.5929570742944397,4.4,exponential invocations of qdrift channel
2,0.97,1000,10,(2.4+0j),0.3705127075179323,1011111001,0.7431640625,4.813853111674115,2.4138531116741153,4.4,exponential invocations of qdrift channel
2,0.22,1000,10,(2.4+0j),0.08403380995252074,0001000010,0.064453125,1.8407769454627694,0.5592230545372305,4.4,exponential invocations of qdrift channel
2,0.068,1000,10,(2.4+0j),0.025974086712597322,0000011100,0.02734375,2.526556591811644,0.12655659181164403,4.4,exponential invocations of qdrift channel
2,0.52,1000,10,(2.4+0j),0.19862536897868538,0110110011,0.4248046875,5.132935713309645,2.732935713309645,4.4,exponential invocations of qdrift channel
2,0.98,1000,10,(2.4+0j),0.3743324261521378,1000101100,0.54296875,3.481197216589455,1.0811972165894552,4.4,exponential invocations of qdrift channel
2,0.23,1000,10,(2.4+0j),0.08785352858672624,0001000111,0.0693359375,1.8941327989544439,0.505867201045556,4.4,exponential invocations of qdrift channel
2,0.07300000000000001,1000,10,(2.4+0j),0.02788394602970007,0000011100,0.02734375,2.353504770454682,0.04649522954531804,4.4,exponential invocations of qdrift channel
2,0.53,1000,10,(2.4+0j),0.20244508761289087,0110111100,0.43359375,5.140282791103583,2.7402827911035827,4.4,exponential invocations of qdrift channel
2,0.99,1000,10,(2.4+0j),0.3781521447863433,1001111111,0.6240234375,3.960459488722928,1.5604594887229282,4.4,exponential invocations of qdrift channel
2,0.08800000000000001,1000,12,(2.4+0j),0.0336135239810083,000001111111,0.031005859375,2.2138131825167773,0.18618681748322263,4.4,exponential invocations of qdrift channel
2,0.37,1000,12,(2.4+0j),0.14132958946560306,010000010100,0.2548828125,4.328313358250296,1.9283133582502958,4.4,exponential invocations of qdrift channel
2,0.24,1000,10,(2.4+0j),0.09167324722093172,0001111010,0.119140625,3.119094268700804,0.719094268700804,4.4,exponential invocations of qdrift channel
2,0.078,1000,10,(2.4+0j),0.02979380534680281,0000011110,0.029296875,2.3599704429009862,0.04002955709901368,4.4,exponential invocations of qdrift channel
2,0.54,1000,10,(2.4+0j),0.20626480624709637,0111011010,0.462890625,5.3859769885762505,2.9859769885762506,4.4,exponential invocations of qdrift channel
2,0.25,1000,10,(2.4+0j),0.0954929658551372,0001100001,0.0947265625,2.380738182798515,0.0192618172014849,4.4,exponential invocations of qdrift channel
2,0.083,1000,10,(2.4+0j),0.031703664663905555,0000100000,0.03125,2.365657118667013,0.03434288133298713,4.4,exponential invocations of qdrift channel
2,0.55,1000,10,(2.4+0j),0.21008452488130186,0111000100,0.44140625,5.042613208176798,2.642613208176798,4.4,exponential invocations of qdrift channel
2,0.26,1000,10,(2.4+0j),0.09931268448934269,0010100000,0.15625,3.775952708641578,1.3759527086415781,4.4,exponential invocations of qdrift channel
2,0.08800000000000001,1000,10,(2.4+0j),0.0336135239810083,0000100110,0.037109375,2.649603179075198,0.24960317907519824,4.4,exponential invocations of qdrift channel
2,0.56,1000,10,(2.4+0j),0.21390424351550735,0110110110,0.427734375,4.799168464956506,2.399168464956506,4.4,exponential invocations of qdrift channel
2,0.27,1000,10,(2.4+0j),0.10313240312354818,1110000011,0.8779296875,20.430351530506538,18.03035153050654,4.4,exponential invocations of qdrift channel
2,0.093,1000,10,(2.4+0j),0.035523383298111035,0000100010,0.033203125,2.243240722069325,0.156759277930675,4.4,exponential invocations of qdrift channel
2,0.5700000000000001,1000,10,(2.4+0j),0.21772396214971285,0111001100,0.44921875,4.951797631069438,2.5517976310694377,4.4,exponential invocations of qdrift channel
2,0.28,1000,10,(2.4+0j),0.10695212175775368,0010101101,0.1689453125,3.791123947203084,1.3911239472030843,4.4,exponential invocations of qdrift channel
2,0.098,1000,10,(2.4+0j),0.03743324261521378,0000011001,0.0244140625,1.5652865182506543,0.8347134817493456,4.4,exponential invocations of qdrift channel
2,0.58,1000,10,(2.4+0j),0.2215436807839183,0110111010,0.431640625,4.675996608589334,2.275996608589334,4.4,exponential invocations of qdrift channel
2,0.0001,1000,12,(2.4+0j),3.8197186342054885e-05,000000000000,0.0,0.0,2.4,4.4,exponential invocations of qdrift channel
2,0.093,1000,12,(2.4+0j),0.035523383298111035,000011000100,0.0478515625,3.2329057465116735,0.8329057465116736,4.4,exponential invocations of qdrift channel
2,0.29,1000,10,(2.4+0j),0.11077184039195916,0001010001,0.0791015625,1.7138268112929234,0.6861731887070766,4.4,exponential invocations of qdrift channel
2,0.01,1000,10,(2.4+0j),0.003819718634205488,0000000100,0.00390625,2.454369260617026,0.05436926061702607,4.4,exponential invocations of qdrift channel
2,0.59,1000,10,(2.4+0j),0.2253633994181238,0111001010,0.447265625,4.763140344756771,2.3631403447567707,4.4,exponential invocations of qdrift channel
2,0.38,1000,12,(2.4+0j),0.14514930809980853,010100011100,0.3193359375,5.280123343564259,2.8801233435642595,4.4,exponential invocations of qdrift channel
2,0.3,1000,10,(2.4+0j),0.11459155902616464,0001001011,0.0732421875,1.5339807878856413,0.8660192121143586,4.4,exponential invocations of qdrift channel
2,0.6,1000,10,(2.4+0j),0.22918311805232927,0111010011,0.4560546875,4.775793519617296,2.375793519617296,4.4,exponential invocations of qdrift channel
2,0.31,1000,10,(2.4+0j),0.11841127766037013,0001110100,0.11328125,2.29602285670625,0.10397714329374974,4.4,exponential invocations of qdrift channel
2,0.61,1000,10,(2.4+0j),0.23300283668653476,0111011011,0.4638671875,4.777972945873309,2.3779729458733088,4.4,exponential invocations of qdrift channel
2,0.32,1000,10,(2.4+0j),0.12223099629457562,0011011111,0.2177734375,4.275971446231225,1.8759714462312247,4.4,exponential invocations of qdrift channel
2,0.0006,1000,5,(2.4+0j),0.00022918311805232927,00000,0.0,0.0,2.4,4.4,linear invocations of qdrift channel
2,0.62,1000,10,(2.4+0j),0.23682255532074026,0111011111,0.4677734375,4.740495467078852,2.3404954670788523,4.4,exponential invocations of qdrift channel
2,0.0008,1000,5,(2.4+0j),0.0003055774907364391,00000,0.0,0.0,2.4,4.4,linear invocations of qdrift channel
2,0.001,1000,5,(2.4+0j),0.0003819718634205488,00000,0.0,0.0,2.4,4.4,linear invocations of qdrift channel
2,0.002,1000,5,(2.4+0j),0.0007639437268410976,00000,0.0,0.0,2.4,4.4,linear invocations of qdrift channel
2,0.003,1000,5,(2.4+0j),0.0011459155902616464,00000,0.0,0.0,2.4,4.4,linear invocations of qdrift channel
2,0.008,1000,5,(2.4+0j),0.0030557749073643905,00000,0.0,0.0,2.4,4.4,linear invocations of qdrift channel
2,0.013,1000,5,(2.4+0j),0.004965634224467134,00000,0.0,0.0,2.4,4.4,linear invocations of qdrift channel
2,0.018000000000000002,1000,5,(2.4+0j),0.006875493541569879,00000,0.0,0.0,2.4,4.4,linear invocations of qdrift channel
2,0.023,1000,5,(2.4+0j),0.008785352858672622,00000,0.0,0.0,2.4,4.4,linear invocations of qdrift channel
2,0.028000000000000004,1000,5,(2.4+0j),0.010695212175775369,00000,0.0,0.0,2.4,4.4,linear invocations of qdrift channel
2,0.033,1000,5,(2.4+0j),0.012605071492878112,00000,0.0,0.0,2.4,4.4,linear invocations of qdrift channel
2,0.038000000000000006,1000,5,(2.4+0j),0.014514930809980857,00001,0.03125,5.167093180246369,2.7670931802463694,4.4,linear invocations of qdrift channel
2,0.043000000000000003,1000,5,(2.4+0j),0.0164247901270836,00001,0.03125,4.566268391845629,2.166268391845629,4.4,linear invocations of qdrift channel
2,0.048,1000,5,(2.4+0j),0.018334649444186342,00001,0.03125,4.09061543436171,1.69061543436171,4.4,linear invocations of qdrift channel
2,0.053000000000000005,1000,5,(2.4+0j),0.02024450876128909,00001,0.03125,3.7047083179124916,1.3047083179124916,4.4,linear invocations of qdrift channel
2,0.058,1000,5,(2.4+0j),0.02215436807839183,00001,0.03125,3.3853369111958975,0.9853369111958976,4.4,linear invocations of qdrift channel
2,0.063,1000,5,(2.4+0j),0.024064227395494575,00001,0.03125,3.1166593785613026,0.7166593785613027,4.4,linear invocations of qdrift channel
2,0.068,1000,5,(2.4+0j),0.025974086712597322,00001,0.03125,2.887493247784736,0.487493247784736,4.4,linear invocations of qdrift channel
2,0.07300000000000001,1000,5,(2.4+0j),0.02788394602970007,00001,0.03125,2.689719737662494,0.28971973766249404,4.4,linear invocations of qdrift channel
2,0.078,1000,5,(2.4+0j),0.02979380534680281,00001,0.03125,2.5173018057610523,0.11730180576105242,4.4,linear invocations of qdrift channel
2,0.63,1000,10,(2.4+0j),0.24064227395494575,0111011001,0.4619140625,4.606812143935926,2.206812143935926,4.4,exponential invocations of qdrift channel
2,0.083,1000,5,(2.4+0j),0.031703664663905555,00000,0.0,0.0,2.4,4.4,linear invocations of qdrift channel
2,0.08800000000000001,1000,5,(2.4+0j),0.0336135239810083,00001,0.03125,2.231244782379114,0.16875521762088574,4.4,linear invocations of qdrift channel
2,0.093,1000,5,(2.4+0j),0.035523383298111035,00001,0.03125,2.1112853854770117,0.2887146145229882,4.4,linear invocations of qdrift channel
2,0.098,1000,5,(2.4+0j),0.03743324261521378,00010,0.0625,4.007133486721675,1.607133486721675,4.4,linear invocations of qdrift channel
2,0.01,1000,5,(2.4+0j),0.003819718634205488,00000,0.0,0.0,2.4,4.4,linear invocations of qdrift channel
2,0.02,1000,5,(2.4+0j),0.007639437268410976,00000,0.0,0.0,2.4,4.4,linear invocations of qdrift channel
2,0.03,1000,5,(2.4+0j),0.011459155902616465,00000,0.0,0.0,2.4,4.4,linear invocations of qdrift channel
2,0.04,1000,5,(2.4+0j),0.015278874536821953,00001,0.03125,4.908738521234052,2.508738521234052,4.4,linear invocations of qdrift channel
2,0.05,1000,5,(2.4+0j),0.01909859317102744,00001,0.03125,3.9269908169872414,1.5269908169872415,4.4,linear invocations of qdrift channel
2,0.06,1000,5,(2.4+0j),0.02291831180523293,00001,0.03125,3.272492347489368,0.8724923474893682,4.4,linear invocations of qdrift channel
2,0.07,1000,5,(2.4+0j),0.02673803043943842,00001,0.03125,2.804993440705172,0.40499344070517207,4.4,linear invocations of qdrift channel
2,0.08,1000,5,(2.4+0j),0.030557749073643906,00001,0.03125,2.454369260617026,0.05436926061702607,4.4,linear invocations of qdrift channel
2,0.09,1000,5,(2.4+0j),0.03437746770784939,00001,0.03125,2.181661564992912,0.21833843500708783,4.4,linear invocations of qdrift channel
2,0.0002,1000,12,(2.4+0j),7.639437268410977e-05,000000000000,0.0,0.0,2.4,4.4,exponential invocations of qdrift channel
2,0.1,1000,5,(2.4+0j),0.03819718634205488,00010,0.0625,3.9269908169872414,1.5269908169872415,4.4,linear invocations of qdrift channel
2,0.11,1000,5,(2.4+0j),0.04201690497626037,00001,0.03125,1.7849958259032916,0.6150041740967083,4.4,linear invocations of qdrift channel
2,0.12,1000,5,(2.4+0j),0.04583662361046586,00001,0.03125,1.636246173744684,0.7637538262553158,4.4,linear invocations of qdrift channel
2,0.13,1000,5,(2.4+0j),0.049656342244671345,00010,0.0625,3.0207621669132627,0.6207621669132628,4.4,linear invocations of qdrift channel
2,0.14,1000,5,(2.4+0j),0.05347606087887684,00010,0.0625,2.804993440705172,0.40499344070517207,4.4,linear invocations of qdrift channel
2,0.15,1000,5,(2.4+0j),0.05729577951308232,00010,0.0625,2.6179938779914944,0.2179938779914945,4.4,linear invocations of qdrift channel
2,0.16,1000,5,(2.4+0j),0.06111549814728781,00010,0.0625,2.454369260617026,0.05436926061702607,4.4,linear invocations of qdrift channel
2,0.64,1000,10,(2.4+0j),0.24446199258915124,0111100011,0.4716796875,4.630704503429779,2.2307045034297794,4.4,exponential invocations of qdrift channel
2,0.17,1000,5,(2.4+0j),0.0649352167814933,00010,0.0625,2.3099945982277887,0.09000540177221117,4.4,linear invocations of qdrift channel
2,0.18,1000,5,(2.4+0j),0.06875493541569878,00011,0.09375,3.272492347489368,0.8724923474893682,4.4,linear invocations of qdrift channel
2,0.098,1000,12,(2.4+0j),0.03743324261521378,000010011001,0.037353515625,2.394888372923501,0.005111627076499037,4.4,exponential invocations of qdrift channel
2,0.19,1000,5,(2.4+0j),0.07257465404990426,00011,0.09375,3.100255908147822,0.7002559081478221,4.4,linear invocations of qdrift channel
2,0.7000000000000001,1000,12,(2.4+0j),0.2673803043943842,011111101010,0.49462890625,4.439778680366155,2.039778680366155,4.4,exponential invocations of qdrift channel
2,0.2,1000,5,(2.4+0j),0.07639437268410976,00010,0.0625,1.9634954084936207,0.4365045915063792,4.4,linear invocations of qdrift channel
2,0.21,1000,5,(2.4+0j),0.08021409131831525,00010,0.0625,1.8699956271367817,0.5300043728632182,4.4,linear invocations of qdrift channel
2,0.22,1000,5,(2.4+0j),0.08403380995252074,00011,0.09375,2.6774937388549374,0.27749373885493744,4.4,linear invocations of qdrift channel
2,0.23,1000,5,(2.4+0j),0.08785352858672624,00011,0.09375,2.5610809676003745,0.1610809676003746,4.4,linear invocations of qdrift channel
2,0.39,1000,12,(2.4+0j),0.14896902673401402,011101100100,0.4619140625,7.441773463281111,5.04177346328111,4.4,exponential invocations of qdrift channel
2,0.24,1000,5,(2.4+0j),0.09167324722093172,00010,0.0625,1.636246173744684,0.7637538262553158,4.4,linear invocations of qdrift channel
2,0.25,1000,5,(2.4+0j),0.0954929658551372,00011,0.09375,2.356194490192345,0.043805509807655074,4.4,linear invocations of qdrift channel
2,0.26,1000,5,(2.4+0j),0.09931268448934269,00100,0.125,3.0207621669132627,0.6207621669132628,4.4,linear invocations of qdrift channel
2,0.27,1000,5,(2.4+0j),0.10313240312354818,00011,0.09375,2.1816615649929116,0.21833843500708827,4.4,linear invocations of qdrift channel
2,0.28,1000,5,(2.4+0j),0.10695212175775368,00011,0.09375,2.103745080528879,0.2962549194711208,4.4,linear invocations of qdrift channel
2,0.29,1000,5,(2.4+0j),0.11077184039195916,00100,0.125,2.7082695289567185,0.30826952895671855,4.4,linear invocations of qdrift channel
2,0.3,1000,5,(2.4+0j),0.11459155902616464,00100,0.125,2.6179938779914944,0.2179938779914945,4.4,linear invocations of qdrift channel
2,0.31,1000,5,(2.4+0j),0.11841127766037013,00100,0.125,2.533542462572414,0.13354246257241398,4.4,linear invocations of qdrift channel
2,0.32,1000,5,(2.4+0j),0.12223099629457562,00100,0.125,2.454369260617026,0.05436926061702607,4.4,linear invocations of qdrift channel
2,0.33,1000,5,(2.4+0j),0.12605071492878112,00100,0.125,2.3799944345377217,0.020005565462278163,4.4,linear invocations of qdrift channel
2,0.34,1000,5,(2.4+0j),0.1298704335629866,00100,0.125,2.3099945982277887,0.09000540177221117,4.4,linear invocations of qdrift channel
2,0.35000000000000003,1000,5,(2.4+0j),0.1336901521971921,00101,0.15625,2.804993440705172,0.40499344070517207,4.4,linear invocations of qdrift channel
2,0.36,1000,5,(2.4+0j),0.13750987083139757,00101,0.15625,2.72707695624114,0.32707695624113997,4.4,linear invocations of qdrift channel
2,0.65,1000,10,(2.4+0j),0.24828171122335674,0111100100,0.47265625,4.56890277745631,2.1689027774563097,4.4,exponential invocations of qdrift channel
2,0.37,1000,5,(2.4+0j),0.14132958946560306,00101,0.15625,2.653372173640028,0.2533721736400283,4.4,linear invocations of qdrift channel
2,0.38,1000,5,(2.4+0j),0.14514930809980853,00101,0.15625,2.583546590123185,0.1835465901231852,4.4,linear invocations of qdrift channel
2,0.39,1000,5,(2.4+0j),0.14896902673401402,00111,0.21875,3.524222528065473,1.1242225280654732,4.4,linear invocations of qdrift channel
2,0.4,1000,5,(2.4+0j),0.15278874536821951,00101,0.15625,2.4543692606170255,0.05436926061702563,4.4,linear invocations of qdrift channel
2,0.41000000000000003,1000,5,(2.4+0j),0.156608464002425,00110,0.1875,2.873407914868713,0.47340791486871314,4.4,linear invocations of qdrift channel
2,0.42,1000,5,(2.4+0j),0.1604281826366305,00100,0.125,1.8699956271367817,0.5300043728632182,4.4,linear invocations of qdrift channel
2,0.43,1000,5,(2.4+0j),0.164247901270836,01000,0.25,3.653014713476504,1.253014713476504,4.4,linear invocations of qdrift channel
2,0.44,1000,5,(2.4+0j),0.1680676199050415,00110,0.1875,2.6774937388549374,0.27749373885493744,4.4,linear invocations of qdrift channel
2,0.45,1000,5,(2.4+0j),0.17188733853924698,00100,0.125,1.7453292519943295,0.6546707480056704,4.4,linear invocations of qdrift channel
2,0.46,1000,5,(2.4+0j),0.17570705717345247,00110,0.1875,2.5610809676003745,0.1610809676003746,4.4,linear invocations of qdrift channel
2,0.47000000000000003,1000,5,(2.4+0j),0.17952677580765797,01000,0.25,3.3421198442444604,0.9421198442444605,4.4,linear invocations of qdrift channel
2,0.48,1000,5,(2.4+0j),0.18334649444186343,00110,0.1875,2.454369260617026,0.05436926061702607,4.4,linear invocations of qdrift channel
2,0.49,1000,5,(2.4+0j),0.1871662130760689,00111,0.21875,2.8049934407051724,0.4049934407051725,4.4,linear invocations of qdrift channel
2,0.5,1000,5,(2.4+0j),0.1909859317102744,00111,0.21875,2.748893571891069,0.34889357189106907,4.4,linear invocations of qdrift channel
2,0.51,1000,5,(2.4+0j),0.19480565034447989,00111,0.21875,2.6949936979324205,0.2949936979324206,4.4,linear invocations of qdrift channel
2,0.52,1000,5,(2.4+0j),0.19862536897868538,01001,0.28125,3.3983574377774204,0.9983574377774205,4.4,linear invocations of qdrift channel
2,0.53,1000,5,(2.4+0j),0.20244508761289087,00111,0.21875,2.593295822538744,0.19329582253874422,4.4,linear invocations of qdrift channel
2,0.54,1000,5,(2.4+0j),0.20626480624709637,00110,0.1875,2.1816615649929116,0.21833843500708827,4.4,linear invocations of qdrift channel
2,0.55,1000,5,(2.4+0j),0.21008452488130186,00111,0.21875,2.498994156264608,0.09899415626460817,4.4,linear invocations of qdrift channel
2,0.56,1000,5,(2.4+0j),0.21390424351550735,00110,0.1875,2.103745080528879,0.2962549194711208,4.4,linear invocations of qdrift channel
2,0.66,1000,10,(2.4+0j),0.25210142985756223,0111101011,0.4794921875,4.564754950617272,2.164754950617272,4.4,exponential invocations of qdrift channel
2,0.5700000000000001,1000,5,(2.4+0j),0.21772396214971285,01000,0.25,2.7557830294647303,0.3557830294647304,4.4,linear invocations of qdrift channel
2,0.58,1000,5,(2.4+0j),0.2215436807839183,00111,0.21875,2.3697358378371285,0.030264162162871422,4.4,linear invocations of qdrift channel
2,0.59,1000,5,(2.4+0j),0.2253633994181238,01000,0.25,2.6623666555845706,0.26236665558457073,4.4,linear invocations of qdrift channel
2,0.6,1000,5,(2.4+0j),0.22918311805232927,00111,0.21875,2.2907446432425576,0.10925535675744236,4.4,linear invocations of qdrift channel
2,0.61,1000,5,(2.4+0j),0.23300283668653476,01010,0.3125,3.218844931956755,0.8188449319567552,4.4,linear invocations of qdrift channel
2,0.62,1000,5,(2.4+0j),0.23682255532074026,01000,0.25,2.533542462572414,0.13354246257241398,4.4,linear invocations of qdrift channel
2,0.63,1000,5,(2.4+0j),0.24064227395494575,00110,0.1875,1.8699956271367817,0.5300043728632182,4.4,linear invocations of qdrift channel
2,0.64,1000,5,(2.4+0j),0.24446199258915124,01000,0.25,2.454369260617026,0.05436926061702607,4.4,linear invocations of qdrift channel
2,0.65,1000,5,(2.4+0j),0.24828171122335674,01011,0.34375,3.3228383836045885,0.9228383836045886,4.4,linear invocations of qdrift channel
2,0.66,1000,5,(2.4+0j),0.25210142985756223,00101,0.15625,1.4874965215860763,0.9125034784139237,4.4,linear invocations of qdrift channel
2,0.67,1000,5,(2.4+0j),0.2559211484917677,01100,0.375,3.5167081943169323,1.1167081943169324,4.4,linear invocations of qdrift channel
2,0.68,1000,5,(2.4+0j),0.2597408671259732,01000,0.25,2.3099945982277887,0.09000540177221117,4.4,linear invocations of qdrift channel
2,0.6900000000000001,1000,5,(2.4+0j),0.2635605857601787,01101,0.40625,3.6993391754227636,1.2993391754227637,4.4,linear invocations of qdrift channel
2,0.7000000000000001,1000,5,(2.4+0j),0.2673803043943842,01010,0.3125,2.804993440705172,0.40499344070517207,4.4,linear invocations of qdrift channel
2,0.71,1000,5,(2.4+0j),0.27120002302858964,01000,0.25,2.2123891926688684,0.18761080733113156,4.4,linear invocations of qdrift channel
2,0.72,1000,5,(2.4+0j),0.27501974166279514,01010,0.3125,2.72707695624114,0.32707695624113997,4.4,linear invocations of qdrift channel
2,0.73,1000,5,(2.4+0j),0.27883946029700063,01001,0.28125,2.420747763896245,0.020747763896244997,4.4,linear invocations of qdrift channel
2,0.74,1000,5,(2.4+0j),0.2826591789312061,00111,0.21875,1.8573605215480196,0.5426394784519804,4.4,linear invocations of qdrift channel
2,0.75,1000,5,(2.4+0j),0.28647889756541156,00110,0.1875,1.5707963267948966,0.8292036732051034,4.4,linear invocations of qdrift channel
2,0.76,1000,5,(2.4+0j),0.29029861619961705,01010,0.3125,2.583546590123185,0.1835465901231852,4.4,linear invocations of qdrift channel
2,0.77,1000,5,(2.4+0j),0.29411833483382255,01010,0.3125,2.5499940370047023,0.14999403700470237,4.4,linear invocations of qdrift channel
2,0.78,1000,5,(2.4+0j),0.29793805346802804,01110,0.4375,3.524222528065473,1.1242225280654732,4.4,linear invocations of qdrift channel
2,0.67,1000,10,(2.4+0j),0.2559211484917677,0111101101,0.4814453125,4.514940468224603,2.1149404682246034,4.4,exponential invocations of qdrift channel
2,0.79,1000,5,(2.4+0j),0.30175777210223353,01011,0.34375,2.7339809485354207,0.3339809485354208,4.4,linear invocations of qdrift channel
2,0.8,1000,5,(2.4+0j),0.30557749073643903,01000,0.25,1.9634954084936207,0.4365045915063792,4.4,linear invocations of qdrift channel
2,0.81,1000,5,(2.4+0j),0.3093972093706445,01101,0.40625,3.1512889272119837,0.7512889272119838,4.4,linear invocations of qdrift channel
2,0.8200000000000001,1000,5,(2.4+0j),0.31321692800485,01111,0.46875,3.5917598935858908,1.1917598935858909,4.4,linear invocations of qdrift channel
2,0.8300000000000001,1000,5,(2.4+0j),0.3170366466390555,01111,0.46875,3.5484856780005187,1.1484856780005188,4.4,linear invocations of qdrift channel
2,0.84,1000,5,(2.4+0j),0.320856365273261,01011,0.34375,2.5712439873130744,0.17124398731307444,4.4,linear invocations of qdrift channel
2,0.85,1000,5,(2.4+0j),0.3246760839074665,01111,0.46875,3.4649918973416836,1.0649918973416836,4.4,linear invocations of qdrift channel
2,0.86,1000,5,(2.4+0j),0.328495802541672,10000,0.5,3.653014713476504,1.253014713476504,4.4,linear invocations of qdrift channel
2,0.87,1000,5,(2.4+0j),0.3323155211758775,01100,0.375,2.708269528956718,0.3082695289567181,4.4,linear invocations of qdrift channel
2,0.88,1000,5,(2.4+0j),0.336135239810083,01100,0.375,2.6774937388549374,0.27749373885493744,4.4,linear invocations of qdrift channel
2,0.89,1000,5,(2.4+0j),0.33995495844428847,01100,0.375,2.6474095395419606,0.24740953954196065,4.4,linear invocations of qdrift channel
2,0.9,1000,5,(2.4+0j),0.34377467707849396,01100,0.375,2.6179938779914944,0.2179938779914945,4.4,linear invocations of qdrift channel
2,0.91,1000,5,(2.4+0j),0.34759439571269946,01100,0.375,2.589224714497082,0.18922471449708222,4.4,linear invocations of qdrift channel
2,0.92,1000,5,(2.4+0j),0.35141411434690495,01100,0.375,2.5610809676003745,0.1610809676003746,4.4,linear invocations of qdrift channel
2,0.93,1000,5,(2.4+0j),0.35523383298111044,00100,0.125,0.8445141541908046,1.5554858458091954,4.4,linear invocations of qdrift channel
2,0.9400000000000001,1000,5,(2.4+0j),0.35905355161531594,01101,0.40625,2.7154723734486246,0.31547237344862467,4.4,linear invocations of qdrift channel
2,0.9500000000000001,1000,5,(2.4+0j),0.36287327024952143,01001,0.28125,1.8601535448886932,0.5398464551113067,4.4,linear invocations of qdrift channel
2,0.96,1000,5,(2.4+0j),0.36669298888372687,10001,0.53125,3.4770231192074537,1.0770231192074537,4.4,linear invocations of qdrift channel
2,0.97,1000,5,(2.4+0j),0.3705127075179323,10001,0.53125,3.4411775200403665,1.0411775200403666,4.4,linear invocations of qdrift channel
2,0.98,1000,5,(2.4+0j),0.3743324261521378,10001,0.53125,3.406063463713424,1.0060634637134243,4.4,linear invocations of qdrift channel
2,0.99,1000,5,(2.4+0j),0.3781521447863433,01110,0.4375,2.7766601736273424,0.3766601736273425,4.4,linear invocations of qdrift channel
2,0.0001,1000,10,(2.4+0j),3.8197186342054885e-05,0000000000,0.0,0.0,2.4,4.4,linear invocations of qdrift channel
2,0.68,1000,10,(2.4+0j),0.2597408671259732,0111110010,0.486328125,4.493661366864996,2.0936613668649957,4.4,exponential invocations of qdrift channel
2,0.0002,1000,10,(2.4+0j),7.639437268410977e-05,0000000000,0.0,0.0,2.4,4.4,linear invocations of qdrift channel
2,0.0004,1000,10,(2.4+0j),0.00015278874536821954,0000000000,0.0,0.0,2.4,4.4,linear invocations of qdrift channel
2,0.0006,1000,10,(2.4+0j),0.00022918311805232927,0000000000,0.0,0.0,2.4,4.4,linear invocations of qdrift channel
2,0.0008,1000,10,(2.4+0j),0.0003055774907364391,0000000000,0.0,0.0,2.4,4.4,linear invocations of qdrift channel
2,0.001,1000,10,(2.4+0j),0.0003819718634205488,0000000000,0.0,0.0,2.4,4.4,linear invocations of qdrift channel
2,0.002,1000,10,(2.4+0j),0.0007639437268410976,0000000001,0.0009765625,3.067961575771282,0.6679615757712822,4.4,linear invocations of qdrift channel
2,0.003,1000,10,(2.4+0j),0.0011459155902616464,0000000001,0.0009765625,2.045307717180855,0.354692282819145,4.4,linear invocations of qdrift channel
2,0.008,1000,10,(2.4+0j),0.0030557749073643905,0000000010,0.001953125,1.533980787885641,0.8660192121143588,4.4,linear invocations of qdrift channel
2,0.013,1000,10,(2.4+0j),0.004965634224467134,0000000110,0.005859375,2.8319645314811837,0.43196453148118374,4.4,linear invocations of qdrift channel
2,0.018000000000000002,1000,10,(2.4+0j),0.006875493541569879,0000000110,0.005859375,2.0453077171808545,0.35469228281914544,4.4,linear invocations of qdrift channel
2,0.023,1000,10,(2.4+0j),0.008785352858672622,0000001101,0.0126953125,3.4681304769588412,1.0681304769588413,4.4,linear invocations of qdrift channel
2,0.028000000000000004,1000,10,(2.4+0j),0.010695212175775369,0000001100,0.01171875,2.629681350661099,0.22968135066109907,4.4,linear invocations of qdrift channel
2,0.033,1000,10,(2.4+0j),0.012605071492878112,0000010000,0.015625,2.9749930431721525,0.5749930431721526,4.4,linear invocations of qdrift channel
2,0.038000000000000006,1000,10,(2.4+0j),0.014514930809980857,0000001011,0.0107421875,1.7761882807096894,0.6238117192903105,4.4,linear invocations of qdrift channel
2,0.043000000000000003,1000,10,(2.4+0j),0.0164247901270836,0000010100,0.01953125,2.853917744903518,0.4539177449035181,4.4,linear invocations of qdrift channel
2,0.6900000000000001,1000,10,(2.4+0j),0.2635605857601787,0111110111,0.4912109375,4.472999051052043,2.0729990510520433,4.4,exponential invocations of qdrift channel
2,0.048,1000,10,(2.4+0j),0.018334649444186342,0000010111,0.0224609375,2.9401298434474787,0.5401298434474788,4.4,linear invocations of qdrift channel
2,0.053000000000000005,1000,10,(2.4+0j),0.02024450876128909,0000001111,0.0146484375,1.7365820240214802,0.6634179759785197,4.4,linear invocations of qdrift channel
2,0.0004,1000,12,(2.4+0j),0.00015278874536821954,000000000001,0.000244140625,3.8349519697141026,1.4349519697141027,4.4,exponential invocations of qdrift channel
2,0.058,1000,10,(2.4+0j),0.02215436807839183,0000011001,0.0244140625,2.644794461871795,0.2447944618717952,4.4,linear invocations of qdrift channel
2,0.063,1000,10,(2.4+0j),0.024064227395494575,0000010100,0.01953125,1.9479121116008142,0.4520878883991857,4.4,linear invocations of qdrift channel
2,0.068,1000,10,(2.4+0j),0.025974086712597322,0000100011,0.0341796875,3.158195739764555,0.7581957397645551,4.4,linear invocations of qdrift channel
2,0.07300000000000001,1000,10,(2.4+0j),0.02788394602970007,0000101000,0.0390625,3.362149672078117,0.9621496720781173,4.4,linear invocations of qdrift channel
2,0.078,1000,10,(2.4+0j),0.02979380534680281,0000100111,0.0380859375,3.067961575771282,0.6679615757712822,4.4,linear invocations of qdrift channel
2,0.083,1000,10,(2.4+0j),0.031703664663905555,0000100000,0.03125,2.365657118667013,0.03434288133298713,4.4,linear invocations of qdrift channel
2,0.01,1000,12,(2.4+0j),0.003819718634205488,000000010000,0.00390625,2.454369260617026,0.05436926061702607,4.4,exponential invocations of qdrift channel
2,0.71,1000,12,(2.4+0j),0.27120002302858964,011111111010,0.49853515625,4.411815167411943,2.011815167411943,4.4,exponential invocations of qdrift channel
2,0.08800000000000001,1000,10,(2.4+0j),0.0336135239810083,0000100110,0.037109375,2.649603179075198,0.24960317907519824,4.4,linear invocations of qdrift channel
2,0.093,1000,10,(2.4+0j),0.035523383298111035,0000101000,0.0390625,2.6391067318462644,0.23910673184626452,4.4,linear invocations of qdrift channel
2,0.4,1000,12,(2.4+0j),0.15278874536821951,000011001100,0.0498046875,0.7823302018216769,1.617669798178323,4.4,exponential invocations of qdrift channel
2,0.098,1000,10,(2.4+0j),0.03743324261521378,0000101000,0.0390625,2.5044584292010468,0.10445842920104687,4.4,linear invocations of qdrift channel
2,0.01,1000,10,(2.4+0j),0.003819718634205488,0000000100,0.00390625,2.454369260617026,0.05436926061702607,4.4,linear invocations of qdrift channel
2,0.02,1000,10,(2.4+0j),0.007639437268410976,0000000101,0.0048828125,1.533980787885641,0.8660192121143588,4.4,linear invocations of qdrift channel
2,0.03,1000,10,(2.4+0j),0.011459155902616465,0000001011,0.0107421875,2.2498384888989404,0.15016151110105946,4.4,linear invocations of qdrift channel
2,0.04,1000,10,(2.4+0j),0.015278874536821953,0000001001,0.0087890625,1.380582709097077,1.0194172909029229,4.4,linear invocations of qdrift channel
2,0.7000000000000001,1000,10,(2.4+0j),0.2673803043943842,0111111011,0.4951171875,4.444161482617257,2.0441614826172567,4.4,exponential invocations of qdrift channel
2,0.05,1000,10,(2.4+0j),0.01909859317102744,0000010101,0.0205078125,2.5770877236478773,0.1770877236478774,4.4,linear invocations of qdrift channel
2,0.06,1000,10,(2.4+0j),0.02291831180523293,0000011001,0.0244140625,2.556634646476069,0.15663464647606906,4.4,linear invocations of qdrift channel
2,0.07,1000,10,(2.4+0j),0.02673803043943842,0000011110,0.029296875,2.6296813506610985,0.22968135066109863,4.4,linear invocations of qdrift channel
2,0.08,1000,10,(2.4+0j),0.030557749073643906,0000100010,0.033203125,2.6077673394055902,0.20776733940559033,4.4,linear invocations of qdrift channel
2,0.09,1000,10,(2.4+0j),0.03437746770784939,0000101010,0.041015625,2.863430804053197,0.46343080405319714,4.4,linear invocations of qdrift channel
2,0.1,1000,10,(2.4+0j),0.03819718634205488,0000011011,0.0263671875,1.6566992509164924,0.7433007490835075,4.4,linear invocations of qdrift channel
2,0.11,1000,10,(2.4+0j),0.04201690497626037,0000111111,0.0615234375,3.5142105322471053,1.1142105322471054,4.4,linear invocations of qdrift channel
2,0.12,1000,10,(2.4+0j),0.04583662361046586,0000110011,0.0498046875,2.6077673394055902,0.20776733940559033,4.4,linear invocations of qdrift channel
2,0.13,1000,10,(2.4+0j),0.049656342244671345,0001001000,0.0703125,3.3983574377774204,0.9983574377774205,4.4,linear invocations of qdrift channel
2,0.14,1000,10,(2.4+0j),0.05347606087887684,0001000000,0.0625,2.804993440705172,0.40499344070517207,4.4,linear invocations of qdrift channel
2,0.15,1000,10,(2.4+0j),0.05729577951308232,0000111000,0.0546875,2.2907446432425576,0.10925535675744236,4.4,linear invocations of qdrift channel
2,0.16,1000,10,(2.4+0j),0.06111549814728781,0000110100,0.05078125,1.9941750242513336,0.4058249757486663,4.4,linear invocations of qdrift channel
2,0.17,1000,10,(2.4+0j),0.0649352167814933,0001000111,0.0693359375,2.5626502574089534,0.16265025740895345,4.4,linear invocations of qdrift channel
2,0.18,1000,10,(2.4+0j),0.06875493541569878,0000110010,0.048828125,1.7044230976507126,0.6955769023492873,4.4,linear invocations of qdrift channel
2,0.19,1000,10,(2.4+0j),0.07257465404990426,0001010111,0.0849609375,2.8096069167589635,0.40960691675896355,4.4,linear invocations of qdrift channel
2,0.71,1000,10,(2.4+0j),0.27120002302858964,0111111110,0.498046875,4.407494094770011,2.0074940947700113,4.4,exponential invocations of qdrift channel
2,0.2,1000,10,(2.4+0j),0.07639437268410976,0001010101,0.0830078125,2.60776733940559,0.2077673394055899,4.4,linear invocations of qdrift channel
2,0.21,1000,10,(2.4+0j),0.08021409131831525,0001100110,0.099609375,2.980305530749246,0.580305530749246,4.4,linear invocations of qdrift channel
2,0.22,1000,10,(2.4+0j),0.08403380995252074,0001011111,0.0927734375,2.6496031790751986,0.2496031790751987,4.4,linear invocations of qdrift channel
2,0.23,1000,10,(2.4+0j),0.08785352858672624,0010000011,0.1279296875,3.494808403704678,1.0948084037046781,4.4,linear invocations of qdrift channel
2,0.24,1000,10,(2.4+0j),0.09167324722093172,0000111111,0.0615234375,1.6106798272799234,0.7893201727200765,4.4,linear invocations of qdrift channel
2,0.25,1000,10,(2.4+0j),0.0954929658551372,0001101100,0.10546875,2.650718801466388,0.2507188014663879,4.4,linear invocations of qdrift channel
2,0.26,1000,10,(2.4+0j),0.09931268448934269,0010001001,0.1337890625,3.2331595067743515,0.8331595067743516,4.4,linear invocations of qdrift channel
2,0.27,1000,10,(2.4+0j),0.10313240312354818,0010010101,0.1455078125,3.3861205539994153,0.9861205539994153,4.4,linear invocations of qdrift channel
2,0.28,1000,10,(2.4+0j),0.10695212175775368,0010110000,0.171875,3.8568659809696113,1.4568659809696114,4.4,linear invocations of qdrift channel
2,0.29,1000,10,(2.4+0j),0.11077184039195916,0010010111,0.1474609375,3.1949117099411284,0.7949117099411285,4.4,linear invocations of qdrift channel
2,0.3,1000,10,(2.4+0j),0.11459155902616464,0001111000,0.1171875,2.454369260617026,0.05436926061702607,4.4,linear invocations of qdrift channel
2,0.31,1000,10,(2.4+0j),0.11841127766037013,0010100110,0.162109375,3.2856878811485997,0.8856878811485998,4.4,linear invocations of qdrift channel
2,0.32,1000,10,(2.4+0j),0.12223099629457562,0010000110,0.130859375,2.5694178197084487,0.16941781970844882,4.4,linear invocations of qdrift channel
2,0.33,1000,10,(2.4+0j),0.12605071492878112,0010000010,0.126953125,2.417181847577374,0.017181847577373954,4.4,linear invocations of qdrift channel
2,0.34,1000,10,(2.4+0j),0.1298704335629866,0001111110,0.123046875,2.2739009326304798,0.12609906736952015,4.4,linear invocations of qdrift channel
2,0.72,1000,10,(2.4+0j),0.27501974166279514,1000000010,0.501953125,4.380367360962331,1.980367360962331,4.4,exponential invocations of qdrift channel
2,0.35000000000000003,1000,10,(2.4+0j),0.1336901521971921,0010000111,0.1318359375,2.366713215594989,0.033286784405011094,4.4,linear invocations of qdrift channel
2,0.36,1000,10,(2.4+0j),0.13750987083139757,0010011011,0.1513671875,2.6418558013586044,0.24185580135860452,4.4,linear invocations of qdrift channel
2,0.37,1000,10,(2.4+0j),0.14132958946560306,0010101001,0.1650390625,2.8026243584072796,0.4026243584072797,4.4,linear invocations of qdrift channel
2,0.38,1000,10,(2.4+0j),0.14514930809980853,0001011110,0.091796875,1.5178336216973713,0.8821663783026286,4.4,linear invocations of qdrift channel
2,0.39,1000,10,(2.4+0j),0.14896902673401402,0010101000,0.1640625,2.643166896049105,0.24316689604910513,4.4,linear invocations of qdrift channel
2,0.4,1000,10,(2.4+0j),0.15278874536821951,0010100010,0.158203125,2.4850488763747385,0.08504887637473857,4.4,linear invocations of qdrift channel
2,0.41000000000000003,1000,10,(2.4+0j),0.156608464002425,0010101000,0.1640625,2.514231925510124,0.11423192551012429,4.4,linear invocations of qdrift channel
2,0.42,1000,10,(2.4+0j),0.1604281826366305,0011110011,0.2373046875,3.550069823392484,1.1500698233924842,4.4,linear invocations of qdrift channel
2,0.43,1000,10,(2.4+0j),0.164247901270836,0011000111,0.1943359375,2.8396481561790012,0.4396481561790013,4.4,linear invocations of qdrift channel
2,0.44,1000,10,(2.4+0j),0.1680676199050415,0010111101,0.1845703125,2.635657899185329,0.2356578991853291,4.4,linear invocations of qdrift channel
2,0.45,1000,10,(2.4+0j),0.17188733853924698,0010000001,0.1259765625,1.7589646367755352,0.6410353632244647,4.4,linear invocations of qdrift channel
2,0.46,1000,10,(2.4+0j),0.17570705717345247,0100001000,0.2578125,3.5214863304505153,1.1214863304505154,4.4,linear invocations of qdrift channel
2,0.47000000000000003,1000,10,(2.4+0j),0.17952677580765797,0100111110,0.310546875,4.1515394940224155,1.7515394940224156,4.4,linear invocations of qdrift channel
2,0.48,1000,10,(2.4+0j),0.18334649444186343,0011001010,0.197265625,2.5822009929408294,0.18220099294082948,4.4,linear invocations of qdrift channel
2,0.73,1000,10,(2.4+0j),0.27883946029700063,1000000110,0.505859375,4.353983825341162,1.953983825341162,4.4,exponential invocations of qdrift channel
2,0.49,1000,10,(2.4+0j),0.1871662130760689,0011100011,0.2216796875,2.842560317143188,0.442560317143188,4.4,linear invocations of qdrift channel
2,0.5,1000,10,(2.4+0j),0.1909859317102744,0010011111,0.1552734375,1.9512235621905356,0.4487764378094643,4.4,linear invocations of qdrift channel
2,0.51,1000,10,(2.4+0j),0.19480565034447989,0011001110,0.201171875,2.4784317043485653,0.07843170434856539,4.4,linear invocations of qdrift channel
2,0.52,1000,10,(2.4+0j),0.19862536897868538,0010101001,0.1650390625,1.9941750242513334,0.4058249757486665,4.4,linear invocations of qdrift channel
2,0.53,1000,10,(2.4+0j),0.20244508761289087,0011001000,0.1953125,2.3154426986953074,0.08455730130469252,4.4,linear invocations of qdrift channel
2,0.54,1000,10,(2.4+0j),0.20626480624709637,0010010100,0.14453125,1.6816974563487028,0.7183025436512971,4.4,linear invocations of qdrift channel
2,0.55,1000,10,(2.4+0j),0.21008452488130186,0010011110,0.154296875,1.7626833780795004,0.6373166219204995,4.4,linear invocations of qdrift channel
2,0.56,1000,10,(2.4+0j),0.21390424351550735,0011001111,0.2021484375,2.2681001649451975,0.1318998350548024,4.4,linear invocations of qdrift channel
2,0.5700000000000001,1000,10,(2.4+0j),0.21772396214971285,0100101001,0.2900390625,3.1971389052774413,0.7971389052774414,4.4,linear invocations of qdrift channel
2,0.58,1000,10,(2.4+0j),0.2215436807839183,0100101110,0.294921875,3.1949117099411284,0.7949117099411285,4.4,linear invocations of qdrift channel
2,0.59,1000,10,(2.4+0j),0.2253633994181238,0011111110,0.248046875,2.6415669160878164,0.24156691608781644,4.4,linear invocations of qdrift channel
2,0.6,1000,10,(2.4+0j),0.22918311805232927,0010101100,0.16796875,1.7589646367755352,0.6410353632244647,4.4,linear invocations of qdrift channel
2,0.61,1000,10,(2.4+0j),0.23300283668653476,0011011110,0.216796875,2.2330736715449993,0.16692632845500066,4.4,linear invocations of qdrift channel
2,0.62,1000,10,(2.4+0j),0.23682255532074026,0101001110,0.326171875,3.3054811816374463,0.9054811816374464,4.4,linear invocations of qdrift channel
2,0.74,1000,10,(2.4+0j),0.2826591789312061,1000001010,0.509765625,4.328313358250296,1.9283133582502958,4.4,exponential invocations of qdrift channel
2,0.63,1000,10,(2.4+0j),0.24064227395494575,0010101011,0.1669921875,1.6654648554186962,0.7345351445813038,4.4,linear invocations of qdrift channel
2,0.64,1000,10,(2.4+0j),0.24446199258915124,0111111011,0.4951171875,4.860801621612625,2.460801621612625,4.4,linear invocations of qdrift channel
2,0.65,1000,10,(2.4+0j),0.24828171122335674,0110101011,0.4169921875,4.030829516474885,1.630829516474885,4.4,linear invocations of qdrift channel
2,0.66,1000,10,(2.4+0j),0.25210142985756223,0101011101,0.3408203125,3.244601787709629,0.844601787709629,4.4,linear invocations of qdrift channel
2,0.67,1000,10,(2.4+0j),0.2559211484917677,0110000000,0.375,3.5167081943169323,1.1167081943169324,4.4,linear invocations of qdrift channel
2,0.68,1000,10,(2.4+0j),0.2597408671259732,0010100110,0.162109375,1.497887122288332,0.9021128777116678,4.4,linear invocations of qdrift channel
2,0.6900000000000001,1000,10,(2.4+0j),0.2635605857601787,0011101000,0.2265625,2.0630930016780797,0.33690699832192017,4.4,linear invocations of qdrift channel
2,0.7000000000000001,1000,10,(2.4+0j),0.2673803043943842,0110010000,0.390625,3.5062418008814653,1.1062418008814654,4.4,linear invocations of qdrift channel
2,0.0006,1000,12,(2.4+0j),0.00022918311805232927,000000000001,0.000244140625,2.556634646476069,0.15663464647606906,4.4,exponential invocations of qdrift channel
2,0.71,1000,10,(2.4+0j),0.27120002302858964,0010011001,0.1494140625,1.3222482284310035,1.0777517715689964,4.4,linear invocations of qdrift channel
2,0.72,1000,10,(2.4+0j),0.27501974166279514,0101001011,0.3232421875,2.820820226611929,0.4208202266119292,4.4,linear invocations of qdrift channel
2,0.73,1000,10,(2.4+0j),0.27883946029700063,0110010001,0.3916015625,3.3705550462583127,0.9705550462583128,4.4,linear invocations of qdrift channel
2,0.74,1000,10,(2.4+0j),0.2826591789312061,0011001000,0.1953125,1.6583576085250176,0.7416423914749823,4.4,linear invocations of qdrift channel
2,0.75,1000,10,(2.4+0j),0.28647889756541156,0101000000,0.3125,2.6179938779914944,0.2179938779914945,4.4,linear invocations of qdrift channel
2,0.76,1000,10,(2.4+0j),0.29029861619961705,0011001000,0.1953125,1.6147166188269908,0.7852833811730091,4.4,linear invocations of qdrift channel
2,0.77,1000,10,(2.4+0j),0.29411833483382255,0101111011,0.3701171875,3.0201491875774438,0.6201491875774439,4.4,linear invocations of qdrift channel
2,0.75,1000,10,(2.4+0j),0.28647889756541156,1000001111,0.5146484375,4.311508667817242,1.9115086678172424,4.4,exponential invocations of qdrift channel
2,0.02,1000,12,(2.4+0j),0.007639437268410976,000000011111,0.007568359375,2.377670221222744,0.02232977877725606,4.4,exponential invocations of qdrift channel
2,0.72,1000,12,(2.4+0j),0.27501974166279514,100000001010,0.50244140625,4.384628418706457,1.9846284187064573,4.4,exponential invocations of qdrift channel
2,0.78,1000,10,(2.4+0j),0.29793805346802804,0111010000,0.453125,3.650087618353526,1.2500876183535259,4.4,linear invocations of qdrift channel
2,0.79,1000,10,(2.4+0j),0.30175777210223353,0011010100,0.20703125,1.646602162186106,0.7533978378138939,4.4,linear invocations of qdrift channel
2,0.41000000000000003,1000,12,(2.4+0j),0.156608464002425,001110000101,0.219970703125,3.3710163167925913,0.9710163167925914,4.4,exponential invocations of qdrift channel
2,0.8,1000,10,(2.4+0j),0.30557749073643903,0011001011,0.1982421875,1.5569904997039257,0.8430095002960742,4.4,linear invocations of qdrift channel
2,0.81,1000,10,(2.4+0j),0.3093972093706445,0011100100,0.22265625,1.7271487389527216,0.6728512610472783,4.4,linear invocations of qdrift channel
2,0.8200000000000001,1000,10,(2.4+0j),0.31321692800485,0101100001,0.3447265625,2.6414400884079576,0.24144008840795772,4.4,linear invocations of qdrift channel
2,0.8300000000000001,1000,10,(2.4+0j),0.3170366466390555,0101110101,0.3642578125,2.7574690789462366,0.3574690789462367,4.4,linear invocations of qdrift channel
2,0.84,1000,10,(2.4+0j),0.320856365273261,0101100001,0.3447265625,2.5785486577315777,0.1785486577315778,4.4,linear invocations of qdrift channel
2,0.85,1000,10,(2.4+0j),0.3246760839074665,0011100100,0.22265625,1.6458711512372997,0.7541288487627003,4.4,linear invocations of qdrift channel
2,0.86,1000,10,(2.4+0j),0.328495802541672,0101101110,0.357421875,2.6113347365867194,0.21133473658671953,4.4,linear invocations of qdrift channel
2,0.87,1000,10,(2.4+0j),0.3323155211758775,0101111010,0.369140625,2.6659528175667697,0.2659528175667698,4.4,linear invocations of qdrift channel
2,0.88,1000,10,(2.4+0j),0.336135239810083,0011111001,0.2431640625,1.7361873462887483,0.6638126537112516,4.4,linear invocations of qdrift channel
2,0.89,1000,10,(2.4+0j),0.33995495844428847,0101111111,0.3740234375,2.6405152438660697,0.24051524386606982,4.4,linear invocations of qdrift channel
2,0.9,1000,10,(2.4+0j),0.34377467707849396,0100000100,0.25390625,1.7726000215567408,0.6273999784432591,4.4,linear invocations of qdrift channel
2,0.91,1000,10,(2.4+0j),0.34759439571269946,0100000111,0.2568359375,1.7733492185227413,0.6266507814772586,4.4,linear invocations of qdrift channel
2,0.92,1000,10,(2.4+0j),0.35141411434690495,0110000100,0.37890625,2.5877588943462118,0.18775889434621185,4.4,linear invocations of qdrift channel
2,0.93,1000,10,(2.4+0j),0.35523383298111044,1010010000,0.640625,4.328135040227873,1.9281350402278732,4.4,linear invocations of qdrift channel
2,0.76,1000,10,(2.4+0j),0.29029861619961705,1000010010,0.517578125,4.278999039891525,1.8789990398915255,4.4,exponential invocations of qdrift channel
2,0.9400000000000001,1000,10,(2.4+0j),0.35905355161531594,1011100101,0.7236328125,4.836935165205362,2.436935165205362,4.4,linear invocations of qdrift channel
2,0.9500000000000001,1000,10,(2.4+0j),0.36287327024952143,0110011001,0.3994140625,2.6416763884009566,0.24167638840095673,4.4,linear invocations of qdrift channel
2,0.96,1000,10,(2.4+0j),0.36669298888372687,1000011111,0.5302734375,3.470631532591263,1.0706315325912632,4.4,linear invocations of qdrift channel
2,0.97,1000,10,(2.4+0j),0.3705127075179323,1010011010,0.650390625,4.212912184461183,1.8129121844611835,4.4,linear invocations of qdrift channel
2,0.98,1000,10,(2.4+0j),0.3743324261521378,0110100110,0.412109375,2.6422036428071047,0.24220364280710482,4.4,linear invocations of qdrift channel
2,0.99,1000,10,(2.4+0j),0.3781521447863433,0111011000,0.4609375,2.92540982578595,0.5254098257859501,4.4,linear invocations of qdrift channel
2,0.0001,1000,12,(2.4+0j),3.8197186342054885e-05,000000000000,0.0,0.0,2.4,4.4,linear invocations of qdrift channel
2,0.0002,1000,12,(2.4+0j),7.639437268410977e-05,000000000000,0.0,0.0,2.4,4.4,linear invocations of qdrift channel
2,0.0004,1000,12,(2.4+0j),0.00015278874536821954,000000000001,0.000244140625,3.8349519697141026,1.4349519697141027,4.4,linear invocations of qdrift channel
2,0.0006,1000,12,(2.4+0j),0.00022918311805232927,000000000001,0.000244140625,2.556634646476069,0.15663464647606906,4.4,linear invocations of qdrift channel
2,0.0008,1000,12,(2.4+0j),0.0003055774907364391,000000000001,0.000244140625,1.9174759848570513,0.4825240151429486,4.4,linear invocations of qdrift channel
2,0.001,1000,12,(2.4+0j),0.0003819718634205488,000000000010,0.00048828125,3.067961575771282,0.6679615757712822,4.4,linear invocations of qdrift channel
2,0.77,1000,10,(2.4+0j),0.29411833483382255,1000010100,0.51953125,4.239365086520317,1.8393650865203175,4.4,exponential invocations of qdrift channel
2,0.002,1000,12,(2.4+0j),0.0007639437268410976,000000000100,0.0009765625,3.067961575771282,0.6679615757712822,4.4,linear invocations of qdrift channel
2,0.003,1000,12,(2.4+0j),0.0011459155902616464,000000000101,0.001220703125,2.5566346464760685,0.15663464647606862,4.4,linear invocations of qdrift channel
2,0.008,1000,12,(2.4+0j),0.0030557749073643905,000000001010,0.00244140625,1.9174759848570515,0.4825240151429484,4.4,linear invocations of qdrift channel
2,0.013,1000,12,(2.4+0j),0.004965634224467134,000000010110,0.00537109375,2.5959674871910847,0.1959674871910848,4.4,linear invocations of qdrift channel
2,0.018000000000000002,1000,12,(2.4+0j),0.006875493541569879,000000100001,0.008056640625,2.8122981111236753,0.4122981111236754,4.4,linear invocations of qdrift channel
2,0.023,1000,12,(2.4+0j),0.008785352858672622,000000101001,0.010009765625,2.734487491448317,0.3344874914483169,4.4,linear invocations of qdrift channel
2,0.028000000000000004,1000,12,(2.4+0j),0.010695212175775369,000000110000,0.01171875,2.629681350661099,0.22968135066109907,4.4,linear invocations of qdrift channel
2,0.07300000000000001,1000,12,(2.4+0j),0.02788394602970007,000010011100,0.0380859375,3.278095930276164,0.8780959302761642,4.4,linear invocations of qdrift channel
2,0.078,1000,12,(2.4+0j),0.02979380534680281,000010100110,0.04052734375,3.264625779346365,0.864625779346365,4.4,linear invocations of qdrift channel
2,0.083,1000,12,(2.4+0j),0.031703664663905555,000010000001,0.031494140625,2.3841388149065987,0.015861185093401176,4.4,linear invocations of qdrift channel
2,0.78,1000,10,(2.4+0j),0.29793805346802804,1000010111,0.5224609375,4.208613956506759,1.808613956506759,4.4,exponential invocations of qdrift channel
2,0.08800000000000001,1000,12,(2.4+0j),0.0336135239810083,000001100100,0.0244140625,1.743159986233683,0.6568400137663168,4.4,linear invocations of qdrift channel
2,0.033,1000,12,(2.4+0j),0.012605071492878112,000000110101,0.012939453125,2.463666113876939,0.06366611387693899,4.4,linear invocations of qdrift channel
2,0.093,1000,12,(2.4+0j),0.035523383298111035,000011010101,0.052001953125,3.5133108367703394,1.1133108367703395,4.4,linear invocations of qdrift channel
2,0.038000000000000006,1000,12,(2.4+0j),0.014514930809980857,000000110111,0.013427734375,2.220235350887112,0.17976464911288792,4.4,linear invocations of qdrift channel
2,0.098,1000,12,(2.4+0j),0.03743324261521378,000010011000,0.037109375,2.379235507740994,0.020764492259005785,4.4,linear invocations of qdrift channel
2,0.043000000000000003,1000,12,(2.4+0j),0.0164247901270836,000000110010,0.01220703125,1.783698590564699,0.616301409435301,4.4,linear invocations of qdrift channel
2,0.01,1000,12,(2.4+0j),0.003819718634205488,000000010011,0.004638671875,2.914563496982718,0.514563496982718,4.4,linear invocations of qdrift channel
2,0.048,1000,12,(2.4+0j),0.018334649444186342,000001001010,0.01806640625,2.3648870479903636,0.03511295200963627,4.4,linear invocations of qdrift channel
2,0.02,1000,12,(2.4+0j),0.007639437268410976,000000011110,0.00732421875,2.3009711818284617,0.09902881817153819,4.4,linear invocations of qdrift channel
2,0.053000000000000005,1000,12,(2.4+0j),0.02024450876128909,000001011101,0.022705078125,2.6917021372332943,0.2917021372332944,4.4,linear invocations of qdrift channel
2,0.03,1000,12,(2.4+0j),0.011459155902616465,000000100100,0.0087890625,1.8407769454627694,0.5592230545372305,4.4,linear invocations of qdrift channel
2,0.058,1000,12,(2.4+0j),0.02215436807839183,000001100100,0.0244140625,2.644794461871795,0.2447944618717952,4.4,linear invocations of qdrift channel
2,0.04,1000,12,(2.4+0j),0.015278874536821953,000000111011,0.014404296875,2.2626216621313207,0.13737833786867926,4.4,linear invocations of qdrift channel
2,0.063,1000,12,(2.4+0j),0.024064227395494575,000001010000,0.01953125,1.9479121116008142,0.4520878883991857,4.4,linear invocations of qdrift channel
2,0.05,1000,12,(2.4+0j),0.01909859317102744,000001011101,0.022705078125,2.853204265467292,0.4532042654672921,4.4,linear invocations of qdrift channel
2,0.068,1000,12,(2.4+0j),0.025974086712597322,000001001001,0.017822265625,1.6467734928772322,0.7532265071227677,4.4,linear invocations of qdrift channel
2,0.06,1000,12,(2.4+0j),0.02291831180523293,000010000101,0.032470703125,3.4003240798131715,1.0003240798131716,4.4,linear invocations of qdrift channel
2,0.09,1000,12,(2.4+0j),0.03437746770784939,000011011011,0.053466796875,3.7326865838550605,1.3326865838550606,4.4,linear invocations of qdrift channel
2,0.07,1000,12,(2.4+0j),0.02673803043943842,000001111000,0.029296875,2.6296813506610985,0.22968135066109863,4.4,linear invocations of qdrift channel
2,0.1,1000,12,(2.4+0j),0.03819718634205488,000011101100,0.0576171875,3.620194659410113,1.220194659410113,4.4,linear invocations of qdrift channel
2,0.08,1000,12,(2.4+0j),0.030557749073643906,000001110100,0.0283203125,2.2242721424341796,0.17572785756582032,4.4,linear invocations of qdrift channel
2,0.11,1000,12,(2.4+0j),0.04201690497626037,000001111110,0.03076171875,1.7571052661235527,0.6428947338764472,4.4,linear invocations of qdrift channel
2,0.15,1000,12,(2.4+0j),0.05729577951308232,000011110110,0.06005859375,2.5157284921324514,0.11572849213245151,4.4,linear invocations of qdrift channel
2,0.12,1000,12,(2.4+0j),0.04583662361046586,000001001111,0.019287109375,1.0098706853580472,1.3901293146419527,4.4,linear invocations of qdrift channel
2,0.16,1000,12,(2.4+0j),0.06111549814728781,000101010111,0.083740234375,3.2884713140298434,0.8884713140298435,4.4,linear invocations of qdrift channel
2,0.13,1000,12,(2.4+0j),0.049656342244671345,000011100000,0.0546875,2.6431668960491046,0.24316689604910469,4.4,linear invocations of qdrift channel
2,0.17,1000,12,(2.4+0j),0.0649352167814933,000100000100,0.0634765625,2.346088263825098,0.05391173617490175,4.4,linear invocations of qdrift channel
2,0.14,1000,12,(2.4+0j),0.05347606087887684,000010011111,0.038818359375,1.742163894812978,0.6578361051870218,4.4,linear invocations of qdrift channel
2,0.18,1000,12,(2.4+0j),0.06875493541569878,000011010010,0.05126953125,1.789644252533248,0.6103557474667518,4.4,linear invocations of qdrift channel
2,0.21,1000,12,(2.4+0j),0.08021409131831525,000010010001,0.035400390625,1.0591772106829427,1.3408227893170572,4.4,linear invocations of qdrift channel
2,0.19,1000,12,(2.4+0j),0.07257465404990426,000101010101,0.083251953125,2.753091835100019,0.35309183510001896,4.4,linear invocations of qdrift channel
2,0.22,1000,12,(2.4+0j),0.08403380995252074,000011111011,0.061279296875,1.750132626178618,0.6498673738213818,4.4,linear invocations of qdrift channel
2,0.2,1000,12,(2.4+0j),0.07639437268410976,000100100110,0.07177734375,2.2549517581918925,0.14504824180810738,4.4,linear invocations of qdrift channel
2,0.23,1000,12,(2.4+0j),0.08785352858672624,000101110100,0.0908203125,2.481047187362863,0.08104718736286287,4.4,linear invocations of qdrift channel
2,0.26,1000,12,(2.4+0j),0.09931268448934269,001000011101,0.132080078125,3.191860024023584,0.7918600240235842,4.4,linear invocations of qdrift channel
2,0.24,1000,12,(2.4+0j),0.09167324722093172,001000010011,0.129638671875,3.393932493196981,0.9939324931969811,4.4,linear invocations of qdrift channel
2,0.27,1000,12,(2.4+0j),0.10313240312354818,001000101010,0.13525390625,3.1475013203283155,0.7475013203283156,4.4,linear invocations of qdrift channel
2,0.25,1000,12,(2.4+0j),0.0954929658551372,000111010000,0.11328125,2.84706834231575,0.4470683423157502,4.4,linear invocations of qdrift channel
2,0.28,1000,12,(2.4+0j),0.10695212175775368,001000011111,0.132568359375,2.974827027935368,0.5748270279353682,4.4,linear invocations of qdrift channel
2,0.31,1000,12,(2.4+0j),0.11841127766037013,001001001001,0.142822265625,2.8947701964938712,0.49477019649387133,4.4,linear invocations of qdrift channel
2,0.29,1000,12,(2.4+0j),0.11077184039195916,000101100101,0.087158203125,1.8883832457764618,0.5116167542235381,4.4,linear invocations of qdrift channel
2,0.32,1000,12,(2.4+0j),0.12223099629457562,001000110001,0.136962890625,2.6892600687620147,0.2892600687620148,4.4,linear invocations of qdrift channel
2,0.3,1000,12,(2.4+0j),0.11459155902616464,000110011000,0.099609375,2.086213871524472,0.3137861284755279,4.4,linear invocations of qdrift channel
2,0.33,1000,12,(2.4+0j),0.12605071492878112,001001111011,0.155029296875,2.95175091002237,0.5517509100223701,4.4,linear invocations of qdrift channel
2,0.0008,1000,12,(2.4+0j),0.0003055774907364391,000000000001,0.000244140625,1.9174759848570513,0.4825240151429486,4.4,exponential invocations of qdrift channel
2,0.35000000000000003,1000,12,(2.4+0j),0.1336901521971921,001100110110,0.20068359375,3.602663450405706,1.2026634504057059,4.4,linear invocations of qdrift channel
2,0.34,1000,12,(2.4+0j),0.1298704335629866,001000000110,0.12646484375,2.3370648474257707,0.06293515257422921,4.4,linear invocations of qdrift channel
2,0.36,1000,12,(2.4+0j),0.13750987083139757,000111100011,0.117919921875,2.058090890413235,0.3419091095867648,4.4,linear invocations of qdrift channel
2,0.39,1000,12,(2.4+0j),0.14896902673401402,001010100001,0.164306640625,2.6471001801206064,0.24710018012060653,4.4,linear invocations of qdrift channel
2,0.37,1000,12,(2.4+0j),0.14132958946560306,000110000011,0.094482421875,1.6044609862479546,0.7955390137520453,4.4,linear invocations of qdrift channel
2,0.4,1000,12,(2.4+0j),0.15278874536821951,001110101101,0.229736328125,3.6086898035009707,1.2086898035009708,4.4,linear invocations of qdrift channel
2,0.38,1000,12,(2.4+0j),0.14514930809980853,001001110010,0.15283203125,2.5270315084642405,0.1270315084642406,4.4,linear invocations of qdrift channel
2,0.41000000000000003,1000,12,(2.4+0j),0.156608464002425,000100110110,0.07568359375,1.1598391323037773,1.2401608676962226,4.4,linear invocations of qdrift channel
2,0.43,1000,12,(2.4+0j),0.164247901270836,001011100101,0.180908203125,2.6434413112168844,0.2434413112168845,4.4,linear invocations of qdrift channel
2,0.03,1000,12,(2.4+0j),0.011459155902616465,000000110100,0.0126953125,2.6589000323351115,0.2589000323351116,4.4,exponential invocations of qdrift channel
2,0.42,1000,12,(2.4+0j),0.1604281826366305,000111011101,0.116455078125,1.7421638948129783,0.6578361051870216,4.4,linear invocations of qdrift channel
2,0.44,1000,12,(2.4+0j),0.1680676199050415,000111111000,0.123046875,1.7571052661235527,0.6428947338764472,4.4,linear invocations of qdrift channel
2,0.73,1000,12,(2.4+0j),0.27883946029700063,100000011010,0.50634765625,4.35818651243126,1.95818651243126,4.4,exponential invocations of qdrift channel
2,0.46,1000,12,(2.4+0j),0.17570705717345247,001100100000,0.1953125,2.667792674583724,0.267792674583724,4.4,linear invocations of qdrift channel
2,0.42,1000,12,(2.4+0j),0.1604281826366305,010010011000,0.287109375,4.295146206079796,1.895146206079796,4.4,exponential invocations of qdrift channel
2,0.45,1000,12,(2.4+0j),0.17188733853924698,010000001010,0.25244140625,3.5247469659416732,1.1247469659416733,4.4,linear invocations of qdrift channel
2,0.47000000000000003,1000,12,(2.4+0j),0.17952677580765797,001000010100,0.1298828125,1.7363357003301298,0.6636642996698701,4.4,linear invocations of qdrift channel
2,0.49,1000,12,(2.4+0j),0.1871662130760689,000101110101,0.091064453125,1.167703742614988,1.2322962573850118,4.4,linear invocations of qdrift channel
2,0.48,1000,12,(2.4+0j),0.18334649444186343,001111001110,0.23779296875,3.1127026820846133,0.7127026820846134,4.4,linear invocations of qdrift channel
2,0.5,1000,12,(2.4+0j),0.1909859317102744,001100011100,0.1943359375,2.442097414313941,0.042097414313940984,4.4,linear invocations of qdrift channel
2,0.52,1000,12,(2.4+0j),0.19862536897868538,001010011011,0.162841796875,1.9676253567686972,0.4323746432313027,4.4,linear invocations of qdrift channel
2,0.51,1000,12,(2.4+0j),0.19480565034447989,010001110010,0.27783203125,3.4228826208114893,1.0228826208114894,4.4,linear invocations of qdrift channel
2,0.53,1000,12,(2.4+0j),0.20244508761289087,001011010000,0.17578125,2.0838984288257767,0.3161015711742232,4.4,linear invocations of qdrift channel
2,0.55,1000,12,(2.4+0j),0.21008452488130186,001110111110,0.23388671875,2.6719156268989894,0.2719156268989895,4.4,linear invocations of qdrift channel
2,0.54,1000,12,(2.4+0j),0.20626480624709637,001001011100,0.1474609375,1.715785918301717,0.6842140816982829,4.4,linear invocations of qdrift channel
2,0.56,1000,12,(2.4+0j),0.21390424351550735,001000111101,0.139892578125,1.5695910561758433,0.8304089438241566,4.4,linear invocations of qdrift channel
2,0.5700000000000001,1000,12,(2.4+0j),0.21772396214971285,001000101101,0.135986328125,1.4989952611443895,0.9010047388556104,4.4,linear invocations of qdrift channel
2,0.59,1000,12,(2.4+0j),0.2253633994181238,001001101000,0.150390625,1.6015799412500933,0.7984200587499066,4.4,linear invocations of qdrift channel
2,0.58,1000,12,(2.4+0j),0.2215436807839183,110110111110,0.85888671875,9.304386916864976,6.904386916864976,4.4,linear invocations of qdrift channel
2,0.6,1000,12,(2.4+0j),0.22918311805232927,010100011111,0.320068359375,3.3517480215301263,0.9517480215301264,4.4,linear invocations of qdrift channel
2,0.61,1000,12,(2.4+0j),0.23300283668653476,010011001000,0.298828125,3.078020466183647,0.6780204661836473,4.4,linear invocations of qdrift channel
2,0.63,1000,12,(2.4+0j),0.24064227395494575,010011000110,0.29833984375,2.975435750470244,0.5754357504702439,4.4,linear invocations of qdrift channel
2,0.62,1000,12,(2.4+0j),0.23682255532074026,001100101101,0.198486328125,2.0114941621790745,0.3885058378209254,4.4,linear invocations of qdrift channel
2,0.64,1000,12,(2.4+0j),0.24446199258915124,001001001101,0.143798828125,1.4117416938510041,0.9882583061489958,4.4,linear invocations of qdrift channel
2,0.65,1000,12,(2.4+0j),0.24828171122335674,010111010100,0.3642578125,3.5210759008082717,1.1210759008082718,4.4,linear invocations of qdrift channel
2,0.67,1000,12,(2.4+0j),0.2559211484917677,001110000001,0.218994140625,2.053702636915552,0.3462973630844477,4.4,linear invocations of qdrift channel
2,0.66,1000,12,(2.4+0j),0.25210142985756223,011000000101,0.376220703125,3.581612718381474,1.1816127183814742,4.4,linear invocations of qdrift channel
2,0.68,1000,12,(2.4+0j),0.2597408671259732,010100010000,0.31640625,2.9235869133820453,0.5235869133820454,4.4,linear invocations of qdrift channel
2,0.6900000000000001,1000,12,(2.4+0j),0.2635605857601787,111110111100,0.9833984375,8.954890744352697,6.554890744352697,4.4,linear invocations of qdrift channel
2,0.7000000000000001,1000,12,(2.4+0j),0.2673803043943842,001010100000,0.1640625,1.4726215563702154,0.9273784436297845,4.4,linear invocations of qdrift channel
2,0.71,1000,12,(2.4+0j),0.27120002302858964,010010101010,0.29150390625,2.579680367233036,0.17968036723303626,4.4,linear invocations of qdrift channel
2,0.72,1000,12,(2.4+0j),0.27501974166279514,010010110011,0.293701171875,2.563026233092259,0.16302623309225917,4.4,linear invocations of qdrift channel
2,0.73,1000,12,(2.4+0j),0.27883946029700063,100010001001,0.533447265625,4.591435645931679,2.1914356459316795,4.4,linear invocations of qdrift channel
2,0.74,1000,12,(2.4+0j),0.2826591789312061,001100111010,0.20166015625,1.7122542308020805,0.6877457691979194,4.4,linear invocations of qdrift channel
2,0.75,1000,12,(2.4+0j),0.28647889756541156,010100111011,0.326904296875,2.738667033305165,0.3386670333051649,4.4,linear invocations of qdrift channel
2,0.76,1000,12,(2.4+0j),0.29029861619961705,010101011100,0.3349609375,2.7692390012882893,0.36923900128828935,4.4,linear invocations of qdrift channel
2,0.77,1000,12,(2.4+0j),0.29411833483382255,010101011001,0.334228515625,2.7272983098901857,0.3272983098901858,4.4,linear invocations of qdrift channel
2,0.78,1000,12,(2.4+0j),0.29793805346802804,001101000010,0.20361328125,1.6401794578161855,0.7598205421838145,4.4,linear invocations of qdrift channel
2,0.79,1000,12,(2.4+0j),0.30175777210223353,010110111010,0.35791015625,2.8466023228358854,0.4466023228358855,4.4,linear invocations of qdrift channel
2,0.8,1000,12,(2.4+0j),0.30557749073643903,001010001111,0.159912109375,1.2559467700813687,1.1440532299186312,4.4,linear invocations of qdrift channel
2,0.81,1000,12,(2.4+0j),0.3093972093706445,010101101110,0.33935546875,2.6323867841494333,0.23238678414943337,4.4,linear invocations of qdrift channel
2,0.8200000000000001,1000,12,(2.4+0j),0.31321692800485,010110111101,0.358642578125,2.7480704602487886,0.34807046024878874,4.4,linear invocations of qdrift channel
2,0.8300000000000001,1000,12,(2.4+0j),0.3170366466390555,001110011000,0.224609375,1.7003160540419155,0.6996839459580844,4.4,linear invocations of qdrift channel
2,0.84,1000,12,(2.4+0j),0.320856365273261,001110000000,0.21875,1.636246173744684,0.7637538262553158,4.4,linear invocations of qdrift channel
2,0.85,1000,12,(2.4+0j),0.3246760839074665,001001001001,0.142822265625,1.0557397187212942,1.3442602812787057,4.4,linear invocations of qdrift channel
2,0.86,1000,12,(2.4+0j),0.328495802541672,011111101000,0.494140625,3.610205947302951,1.210205947302951,4.4,linear invocations of qdrift channel
2,0.87,1000,12,(2.4+0j),0.3323155211758775,001111100010,0.24267578125,1.752617130067043,0.6473828699329569,4.4,linear invocations of qdrift channel
2,0.88,1000,12,(2.4+0j),0.336135239810083,010111101010,0.36962890625,2.6391442191577963,0.23914421915779638,4.4,linear invocations of qdrift channel
2,0.89,1000,12,(2.4+0j),0.33995495844428847,001111111011,0.248779296875,1.7563218234331106,0.6436781765668893,4.4,linear invocations of qdrift channel
2,0.9,1000,12,(2.4+0j),0.34377467707849396,011000010001,0.379150390625,2.6469690706515565,0.2469690706515566,4.4,linear invocations of qdrift channel
2,0.91,1000,12,(2.4+0j),0.34759439571269946,011000100110,0.38427734375,2.6532810550901087,0.2532810550901088,4.4,linear invocations of qdrift channel
2,0.92,1000,12,(2.4+0j),0.35141411434690495,000000110000,0.01171875,0.0800337802375117,2.319966219762488,4.4,linear invocations of qdrift channel
2,0.93,1000,12,(2.4+0j),0.35523383298111044,100000100101,0.509033203125,3.4390859599371635,1.0390859599371636,4.4,linear invocations of qdrift channel
2,0.9400000000000001,1000,12,(2.4+0j),0.35905355161531594,011001100010,0.39892578125,2.6665155397926994,0.2665155397926995,4.4,linear invocations of qdrift channel
2,0.9500000000000001,1000,12,(2.4+0j),0.36287327024952143,010001111110,0.28076171875,1.856924111651039,0.5430758883489608,4.4,linear invocations of qdrift channel
2,0.96,1000,12,(2.4+0j),0.36669298888372687,011000100100,0.3837890625,2.5118935401627374,0.11189354016273745,4.4,linear invocations of qdrift channel
2,0.97,1000,12,(2.4+0j),0.3705127075179323,100010000110,0.53271484375,3.45066606099636,1.05066606099636,4.4,linear invocations of qdrift channel
2,0.98,1000,12,(2.4+0j),0.3743324261521378,100010001011,0.533935546875,3.423281615414181,1.0232816154141813,4.4,linear invocations of qdrift channel
2,0.99,1000,12,(2.4+0j),0.3781521447863433,011010101000,0.416015625,2.6403063258152852,0.24030632581528533,4.4,linear invocations of qdrift channel
2,0.001,1000,12,(2.4+0j),0.0003819718634205488,000000000010,0.00048828125,3.067961575771282,0.6679615757712822,4.4,exponential invocations of qdrift channel
2,0.04,1000,12,(2.4+0j),0.015278874536821953,000001000000,0.015625,2.454369260617026,0.05436926061702607,4.4,exponential invocations of qdrift channel
2,0.43,1000,12,(2.4+0j),0.164247901270836,010100110010,0.32470703125,4.7446382509021,2.3446382509021,4.4,exponential invocations of qdrift channel
2,0.74,1000,12,(2.4+0j),0.2826591789312061,100000100110,0.50927734375,4.324167464228983,1.9241674642289834,4.4,exponential invocations of qdrift channel
2,0.002,1000,12,(2.4+0j),0.0007639437268410976,000000000011,0.000732421875,2.3009711818284617,0.09902881817153819,4.4,exponential invocations of qdrift channel
2,0.05,1000,12,(2.4+0j),0.01909859317102744,000001010100,0.0205078125,2.5770877236478773,0.1770877236478774,4.4,exponential invocations of qdrift channel
2,0.75,1000,12,(2.4+0j),0.28647889756541156,100000110111,0.513427734375,4.301282129231338,1.9012821292313382,4.4,exponential invocations of qdrift channel
2,0.44,1000,12,(2.4+0j),0.1680676199050415,010000000111,0.251708984375,3.5943958916138548,1.1943958916138548,4.4,exponential invocations of qdrift channel
